years_of_experience,rating,completion_rate,total_trips,completed_trips,region_familiarity,on_time_delivery_rate,avg_speed_kmh,accidents_last_3_years,license_type,night_shift_capable,last_medical_check_months,training_courses_completed,avg_trip_distance_km,score
3,3.2,0.722,75,54,1,0.727,54.4,1,B,1,21,1,112.3,63.85
11,4.2,0.921,230,211,1,0.971,63.6,1,C,1,1,8,159,89.27
7,3.9,0.908,171,155,1,0.789,92.7,0,B,1,4,5,137.3,83.9
5,3.9,0.9,160,144,1,0.841,69.4,3,B,1,10,4,92.7,75.39
1,3.7,0.81,47,38,1,0.689,74.1,3,A,0,26,1,43.8,51.61
1,3,0.827,80,66,0,0.8,77,1,B,1,3,2,79,47.38
0,3.8,0.765,45,34,1,0.657,65.6,2,B,1,9,1,54.2,49.14
9,4.2,0.877,172,150,1,0.951,74,0,B,1,32,6,136.8,88.21
6,3.9,0.996,187,186,1,0.882,69.7,2,C,1,3,6,113.4,85.85
7,3.7,0.917,168,154,0,0.786,94.8,2,B,1,4,5,133.7,69.03
0,2.2,0.721,10,7,0,0.647,58.3,3,A,0,6,0,75.7,28.27
11,4.9,0.843,247,208,1,0.97,83.6,0,B,1,9,7,76.4,93.67
8,4.4,0.866,223,193,1,0.92,85.1,0,C,1,26,6,154.4,91.55
2,3.3,0.867,54,46,1,0.706,71,2,A,1,2,3,99.9,60.58
2,3.5,0.81,106,85,0,0.833,81,4,B,0,2,2,124.8,54.5
2,3.6,0.696,80,55,1,0.719,63.4,0,C,1,21,3,89.6,65.27
3,2.9,0.812,61,49,0,0.817,77.6,2,A,1,22,3,136.5,44.05
5,3.6,0.848,118,100,0,0.76,51,3,B,0,3,4,115.4,57.29
4,4,0.714,95,67,1,0.739,87.2,2,C,1,35,5,122.2,62.83
2,2.9,0.808,58,46,0,0.775,81.5,1,A,0,33,4,68.5,39.72
6,4,0.811,176,142,0,0.812,70.3,1,C,0,15,6,162.1,70.88
1,2.8,0.702,57,40,0,0.558,71.8,1,B,1,11,3,127,40.27
2,3.6,0.887,102,90,1,0.768,78.7,0,C,0,10,1,152.5,68.64
3,3.5,0.768,59,45,1,0.662,57,1,C,0,14,2,87.7,63.73
4,3,0.801,101,80,1,0.734,69.3,2,C,0,2,4,127.9,67.2
8,4.6,0.855,193,165,1,0.807,61.3,0,C,1,29,6,100.8,91.27
2,3.1,0.807,89,71,0,0.81,81.7,1,C,0,35,2,39.4,50.83
5,3.5,0.936,110,102,1,0.919,82.4,0,C,0,20,5,136.9,82.89
5,3.9,0.788,113,89,1,0.819,69.1,0,C,1,21,3,116.6,76.7
0,3.7,0.765,27,20,0,0.693,60.2,3,B,0,34,3,41.4,29.78
6,3.5,0.868,137,118,0,0.846,72.2,1,A,1,33,4,133.4,60.61
1,3.3,0.75,38,28,0,0.775,55.7,0,B,0,19,2,116,46.61
0,3.4,0.764,58,44,1,0.605,62.9,2,A,0,8,0,81.9,57
10,4.7,0.946,257,243,1,0.887,67.5,0,B,0,31,8,196.9,91.73
11,4.6,0.892,203,181,1,0.993,92.3,0,B,1,11,6,148.2,91.03
8,4,0.872,190,165,1,0.943,90.6,2,C,1,8,6,176.5,85.22
3,3.2,0.799,77,61,0,0.799,80.8,0,B,0,25,4,92.5,58.52
1,3.4,0.788,56,44,0,0.677,52.2,2,B,1,20,1,124.9,41.02
6,3.5,0.874,167,145,1,0.896,71.5,1,C,0,7,6,89.9,79.27
4,2.5,0.864,94,81,0,0.875,78,4,A,1,13,5,118.9,49.13
1,3.5,0.891,56,49,0,0.796,75.7,1,B,1,10,2,94.9,45.68
4,4,0.702,121,84,0,0.634,48.9,1,C,0,8,5,126.3,59.16
0,2.3,0.772,10,7,0,0.713,73.9,1,C,0,20,1,69.5,38.96
10,4,0.848,205,173,1,0.94,65.1,0,A,1,17,6,173,90.69
2,3.7,0.788,110,86,1,0.722,66.2,2,A,1,11,1,90.1,66.78
6,4.7,0.906,160,144,1,0.865,89.1,1,C,0,16,5,112.2,81.55
3,3.6,0.881,97,85,1,0.768,83,1,A,0,32,2,146.4,75.97
5,3.5,0.91,125,113,1,0.796,88.4,1,A,0,26,4,122.3,72.72
5,3.7,0.91,104,94,0,0.914,59.7,0,A,1,9,3,74.6,69.42
2,4,0.799,70,55,0,0.762,58.2,3,B,1,35,1,75.8,45.05
11,4.2,1,220,220,1,0.92,74.7,0,B,1,3,9,211.5,91.72
8,3.8,0.969,208,201,1,0.842,75.2,0,C,0,31,6,116.7,92.25
10,4.2,0.923,257,237,1,0.891,82.6,0,C,1,7,6,176.2,92.3
9,3.9,0.962,181,174,1,0.884,93.8,0,C,0,2,5,131.2,88.76
5,3.8,0.85,98,83,1,0.828,61.4,0,B,0,25,4,76.9,78.36
10,5,0.987,247,243,1,0.977,72.5,1,C,0,12,7,174.4,90.17
1,3.4,0.786,62,48,0,0.753,83.6,0,A,0,30,1,78.1,44.14
2,3.3,0.777,49,38,1,0.707,54.1,2,A,1,30,1,143.7,53.82
0,3.1,0.724,13,9,1,0.738,73.7,0,A,0,29,2,113.8,52.73
3,2.9,0.812,84,68,0,0.835,68.4,1,B,0,11,4,142,46.26
3,3.9,0.825,62,51,0,0.764,74.2,2,B,1,23,3,136,44.85
2,3.4,0.76,56,42,1,0.688,58.3,1,C,1,17,1,116.7,57.54
8,4.1,0.877,163,142,0,0.889,85.5,0,C,0,13,7,103,76.33
3,4.8,0.795,110,87,1,0.876,61.6,0,A,1,33,3,97,73.34
2,3.6,0.753,109,82,1,0.684,51,2,B,0,1,1,116.1,63.89
5,3.5,0.9,99,89,0,0.81,78.3,1,A,0,13,5,111.3,64.15
1,3.1,0.854,42,35,0,0.752,40,2,B,1,3,0,87.1,38.16
8,4.6,0.941,166,156,1,0.93,70.2,0,A,1,16,5,165.7,97.74
0,3.2,0.776,6,4,0,0.609,68.5,2,C,1,7,2,111.7,33.67
11,3.9,0.929,215,199,0,1,90.6,0,C,1,3,7,140.3,83.36
8,4.5,0.836,152,127,1,0.936,91.7,0,A,0,14,5,164.1,90.97
2,3.2,0.828,82,67,0,0.739,89.3,3,C,0,16,4,112.9,41.24
0,3.9,0.788,78,61,0,0.847,82.7,1,B,0,4,3,50.3,50.7
8,4.6,1,209,209,1,0.982,79.3,0,C,1,31,6,131.8,91.41
7,3.8,0.93,138,128,1,0.94,89,0,C,0,13,4,140.5,90.86
7,4.5,0.891,197,175,1,0.929,77.6,2,C,0,27,7,177.7,85.99
8,4.2,0.887,211,187,1,0.944,85.2,0,C,1,1,7,131.6,91.43
0,3.5,0.83,13,10,1,0.723,57.8,1,B,1,25,1,92.5,51.51
3,3.7,0.775,69,53,0,0.756,75,0,B,1,11,2,139.1,53.34
1,3,0.851,64,54,0,0.701,60.8,1,C,0,9,0,143.6,45.4
9,4,0.848,179,151,1,0.864,76.4,0,C,1,7,8,158.8,91.12
6,4.3,0.834,148,123,1,0.819,79.6,0,B,1,14,6,64.4,89.92
3,3.4,0.729,71,51,1,0.752,94.6,4,A,1,30,1,131.7,54.44
0,3,0.811,16,12,1,0.798,69.7,1,B,0,24,3,86.3,53.05
3,3.2,0.833,95,79,0,0.674,69.4,2,C,0,3,3,78.7,53.48
3,3.7,0.793,132,104,1,0.835,59.5,1,A,1,27,3,125.3,66.93
7,4.9,0.829,203,168,0,0.8,86.3,0,B,1,1,4,192,78
6,3.5,0.931,164,152,1,0.858,70,1,A,1,26,4,134.3,80.11
9,4.3,0.896,237,212,1,0.871,83,0,C,0,6,5,103.3,92.11
4,4.2,0.796,78,62,0,0.879,79.4,1,C,1,12,4,155.3,57.71
1,3.3,0.89,78,69,0,0.735,81.7,1,B,0,35,3,88.7,43.05
7,4.2,0.843,190,160,1,0.881,85.6,1,B,1,10,7,157.4,86.37
7,3.6,0.932,153,142,1,0.911,60.8,0,C,1,9,5,137.9,85.5
5,4,0.791,134,105,1,0.745,51.9,0,A,0,23,4,133.7,83.62
8,4.1,0.871,212,184,1,0.877,85.4,2,C,0,30,6,164,86.68
4,4.1,0.86,99,85,1,0.866,72,0,B,1,22,3,136.2,77.41
5,4.3,0.845,123,103,0,0.776,77.2,0,B,0,9,3,124.4,70.54
4,4.7,0.847,127,107,0,0.843,91.6,1,B,0,19,4,89.2,63.69
0,3.4,0.753,73,54,0,0.684,57.6,1,B,0,8,3,85.8,44.52
1,3.4,0.714,53,37,0,0.766,82,3,C,0,4,3,111.7,42.67
0,3.3,0.853,54,46,0,0.818,57.7,6,C,0,5,3,57.4,38.62
6,3.8,0.838,132,110,1,0.735,92.8,1,C,0,19,4,94.8,80.57
3,3.7,0.835,113,94,1,0.713,78.5,0,A,1,18,3,144,71.24
4,3.6,0.87,78,67,0,0.787,52.9,0,B,0,29,3,162.7,61.43
10,4.4,0.932,209,194,1,1,75,0,C,1,19,6,161.2,93.44
2,4,0.772,53,40,1,0.77,91,3,C,0,6,3,114,64.22
4,3.3,0.893,146,130,0,0.753,92.5,1,B,1,5,3,123.3,59.1
7,4.5,0.901,197,177,1,0.907,82.8,0,C,1,5,7,70.6,99.13
2,4,0.817,98,80,0,0.711,72.3,1,C,0,8,4,102.2,51.44
0,3.2,0.789,79,62,1,0.755,67.9,2,B,0,27,0,124,56.05
2,2.6,0.891,104,92,0,0.806,73.2,1,C,1,18,1,60.8,48.61
1,3.1,0.757,91,68,1,0.674,64.8,2,C,1,26,0,50,54.3
10,4.9,0.937,243,227,0,0.935,94.5,0,C,1,16,9,138.1,76.05
8,4.1,0.863,208,179,1,0.941,83.9,1,C,0,22,5,129.8,88.04
6,3.5,0.765,174,133,0,0.719,62.4,0,C,0,23,6,148,62.03
9,4.1,0.805,182,146,1,0.895,86.4,0,A,1,3,8,191.6,90.54
8,4.5,0.838,216,181,1,0.817,79,0,C,1,3,7,182.9,89.63
2,3.7,0.774,55,42,1,0.743,64.3,1,A,0,12,2,115.6,60.31
9,4.2,1,221,221,1,0.962,101.3,0,A,1,23,8,104.3,91
5,3.6,0.883,129,113,1,0.931,73.7,4,C,0,11,3,72.1,70.29
8,4,0.929,203,188,0,0.898,53.5,0,C,1,29,4,166,69.73
9,3.9,0.871,180,156,1,0.973,75.6,0,B,1,6,5,104.4,91.74
3,4.2,0.824,107,88,1,0.735,81.4,0,B,1,16,1,120.7,73.25
1,3.2,0.909,29,26,1,0.741,55.4,1,C,0,34,3,96.3,60.34
2,3.9,0.747,70,52,1,0.765,79.5,1,C,0,11,4,82.1,63.96
4,4.3,0.857,125,107,0,0.815,59,0,A,0,11,5,35.6,63.48
8,4.5,0.97,164,159,0,0.895,93,0,C,0,25,4,150.1,77.06
9,4.1,0.951,217,206,1,0.906,71.6,0,B,0,19,6,167.4,93.96
0,3.4,0.87,76,66,1,0.803,60.8,5,B,0,32,2,63.3,55.48
5,3.8,0.859,136,116,0,0.809,67.4,1,C,0,8,5,87.2,63.82
4,3.3,0.865,93,80,1,0.756,78.2,0,C,1,12,4,120.8,75.95
2,3.6,0.813,103,83,1,0.713,90.1,3,C,1,35,2,52.4,60.01
1,2.8,0.82,67,54,0,0.773,66.7,6,A,0,6,3,106.5,37.9
3,4,0.775,65,50,1,0.875,69.4,1,B,0,21,3,135.7,70.85
10,4.2,0.956,211,201,1,0.917,73.1,0,B,1,26,8,101.2,89.29
3,3.6,0.836,68,56,1,0.888,50,0,B,0,1,4,88.2,67.71
5,3.9,0.851,128,108,1,0.821,66.8,2,B,0,17,5,118.5,76.25
7,3.9,0.963,166,159,1,0.877,60.4,1,B,1,35,7,135.4,86.04
3,3.8,0.808,83,67,0,0.726,46.9,2,B,1,27,3,77.6,51.02
11,4.3,0.99,208,205,0,0.962,80.6,0,B,1,2,9,127.9,80.15
11,4.8,0.995,226,224,0,0.936,75,0,C,1,1,6,154.2,85.62
2,2.9,0.85,58,49,0,0.725,84.5,3,C,1,10,2,115.3,37.02
4,3.7,0.786,82,64,1,0.701,60.7,2,B,0,31,4,129.1,67.33
3,4.3,0.839,87,72,0,0.87,77.5,4,C,0,5,4,121.5,56
2,3,0.905,65,58,0,0.836,75.8,2,A,0,13,1,133.5,50.17
0,2.9,0.689,59,40,0,0.695,81,1,B,1,24,3,48.6,41.53
6,4.1,0.852,158,134,1,0.832,71.8,1,C,1,27,5,116.7,78.21
4,3.7,0.893,100,89,0,0.815,86.8,0,A,0,1,4,106.5,63.87
0,3.3,0.774,79,61,1,0.668,71.7,1,A,1,20,2,20,55.95
2,3.6,0.848,66,55,1,0.709,81.7,4,C,0,8,3,102.7,60.19
10,4.6,0.987,212,209,0,0.989,108.7,0,C,1,3,8,159.1,85.35
2,3.9,0.819,43,35,1,0.744,66.5,1,B,1,32,1,61.9,67.73
1,3.5,0.819,97,79,1,0.755,68.5,2,B,0,25,3,114.1,61.37
4,3.6,0.839,114,95,0,0.716,66.7,2,C,1,25,5,136.2,49.8
11,4.8,0.945,263,248,1,0.943,100,0,C,1,14,8,180,91.14
2,4.2,0.912,91,82,0,0.727,99.3,2,C,1,27,4,44.7,52.55
6,3.9,0.859,160,137,0,0.866,82.8,1,B,0,32,3,98.8,67.79
7,3.6,0.858,151,129,1,0.909,56.2,1,C,1,27,6,145.1,80.85
2,3.9,0.859,94,80,1,0.842,57.4,2,A,0,4,2,79.9,66.16
7,4,0.833,186,154,1,0.821,89.4,0,C,1,11,4,129.1,90.81
3,2.7,0.79,117,92,1,0.71,55.8,3,C,0,3,3,71,60.33
6,4.2,0.831,184,152,0,0.812,66.8,0,B,0,25,6,133.8,74.63
6,3.7,0.849,163,138,0,0.804,66.4,1,A,0,24,3,173.1,62.51
5,3.8,0.838,114,95,1,0.839,71.6,0,B,0,9,5,129.7,83.29
1,3.5,0.829,81,67,0,0.672,69.6,3,A,0,8,3,117.1,42.96
8,4.2,0.872,219,190,0,0.794,54.3,0,B,0,31,7,170.3,77.34
3,3.8,0.858,67,57,1,0.77,51.2,0,C,0,17,3,93.3,76.87
2,3.3,0.85,41,34,0,0.803,50,0,C,0,31,1,90.4,49.13
0,3.4,0.747,33,24,1,0.648,48.4,3,A,0,4,2,124.1,53.47
5,3.7,0.89,157,139,0,0.875,72.7,1,C,0,4,5,142,61.91
6,4.2,0.908,184,167,1,0.875,76.3,0,C,1,8,5,156.8,83.68
0,3.4,0.692,60,41,1,0.76,77.2,2,B,0,6,2,85,48.44
5,3.4,0.863,162,139,1,0.785,79.2,1,B,0,9,5,108.2,73.82
2,3.9,0.782,75,58,0,0.666,61,2,C,0,8,4,87.9,52.74
6,3.7,0.927,115,106,1,0.892,76.8,1,C,1,32,5,169.3,82.22
1,3.6,0.768,29,22,1,0.738,79.2,1,B,0,15,0,88,56.12
7,4.2,0.808,157,126,1,0.855,72.8,1,C,1,18,5,173.4,85.04
3,4.3,0.819,59,48,1,0.723,65.8,0,A,0,23,3,146.2,72.87
10,4.3,0.872,255,222,1,0.957,68.7,0,C,1,5,6,187.6,94.99
1,3.2,0.836,66,55,0,0.712,56.8,2,B,0,27,1,112.1,41.93
3,3.5,0.78,99,77,1,0.774,77.7,1,B,1,33,1,154.9,70.03
1,3.2,0.793,97,76,1,0.708,66.5,5,A,0,2,3,62.6,54.42
10,4.7,0.994,226,224,1,0.973,103.5,0,B,1,28,9,147.6,95.39
9,3.6,0.958,199,190,0,0.866,70.4,0,B,1,24,6,114.2,77.88
2,3,0.831,90,74,0,0.786,77.1,0,B,0,21,2,51.1,53.38
6,3.5,0.855,175,149,1,0.873,78.6,3,C,1,31,4,126.7,75.2
8,4.5,0.908,185,167,0,0.899,75.9,0,B,1,11,7,152.1,77.07
5,4.5,0.883,153,135,0,0.913,67.3,0,A,0,28,6,135.2,71.86
5,3.7,0.799,142,113,0,0.816,79.7,1,B,0,4,3,99.1,59.03
2,3.4,0.85,45,38,1,0.812,74.5,0,B,1,16,4,83.6,69.54
1,3.3,0.739,70,51,0,0.72,68.9,4,A,0,12,1,113.4,43.02
9,4.7,0.931,169,157,1,0.959,83.6,0,A,1,22,7,108.2,92.99
10,4,0.861,231,198,1,0.838,80.4,0,C,1,35,8,160.4,97.44
6,4,0.96,174,167,1,0.874,54.3,0,A,0,16,4,167.2,82.51
3,3.9,0.859,72,61,1,0.731,70.5,2,C,0,24,4,96,66.15
3,3.8,0.743,121,89,0,0.759,66.3,0,B,1,35,2,91.4,54.45
7,4.1,0.875,191,167,1,0.884,98.9,1,C,0,28,7,173.3,85.4
9,4.7,0.877,197,172,1,0.942,86.1,0,B,1,29,7,109.6,97.65
9,3.2,0.871,183,159,1,0.924,80.9,0,C,1,21,5,127.9,87.9
8,4.4,0.896,172,154,0,0.872,82.6,0,B,0,25,7,121,74.63
6,3.6,0.815,135,110,1,0.791,61.7,1,B,1,31,3,148.8,77.72
1,2.6,0.832,72,59,1,0.626,59.2,3,A,1,15,2,39.9,54.26
1,3.5,0.829,92,76,1,0.745,62.5,0,C,0,35,0,125,64.59
9,4.8,0.92,193,177,1,0.972,83.2,0,C,1,22,5,151.2,97.72
6,3.9,0.861,127,109,1,0.848,68.8,0,B,1,5,4,159.4,84.29
0,3.6,0.813,54,43,0,0.715,59,4,A,0,13,0,117.2,39.43
1,4,0.833,58,48,1,0.75,53.7,1,C,0,32,2,64.4,61.3
6,4.4,0.885,120,106,1,0.83,74.3,0,C,0,3,6,128.6,85.41
0,3.9,0.714,7,4,1,0.699,67,2,B,1,15,0,73.2,47.3
1,3.6,0.754,84,63,0,0.699,71.6,4,C,0,27,3,86,45.54
5,3.8,0.835,141,117,1,0.771,64.1,1,B,1,27,4,102.9,72.03
7,3.4,0.802,191,153,0,0.839,79.9,0,A,1,30,6,169.4,68.94
6,3.8,0.873,144,125,1,0.841,61.5,2,A,1,6,5,122.4,80.75
2,3.1,0.878,53,46,1,0.869,65.4,2,B,0,25,4,86,58.2
7,4.9,0.938,131,122,0,0.843,79.1,0,B,0,28,6,169.7,79.06
2,3.4,0.844,74,62,1,0.757,64.9,3,A,1,22,2,121.1,55
3,3.6,0.857,120,102,1,0.774,50.8,2,A,1,4,4,112.6,68.32
7,4.2,0.986,201,198,1,0.876,58.2,0,C,1,15,6,124.2,93.16
6,3.9,0.904,143,129,1,0.881,76.7,0,A,1,26,4,171.9,79.86
9,4.9,0.949,230,218,1,1,85.5,0,A,1,18,6,120.3,98.29
6,3.7,0.79,137,108,1,0.805,78.1,0,C,0,9,3,160.2,84.44
5,3.9,0.915,132,120,0,0.866,79.7,1,B,0,4,5,138.8,68.92
1,3,0.814,36,29,0,0.642,63.1,1,A,0,5,3,50,43.18
3,3,0.817,66,53,1,0.755,78.4,2,C,1,6,1,106.2,59.02
2,3.2,0.791,94,74,1,0.826,72,3,C,0,12,4,56.4,57.56
2,3.4,0.78,42,32,1,0.743,60.3,2,B,0,31,1,85.6,55.4
11,4.3,0.993,258,256,1,0.998,87.7,0,B,1,9,7,176.4,85.88
3,3.3,0.819,119,97,0,0.744,73.1,2,C,0,7,1,73.6,51.21
9,3.7,0.877,188,164,0,0.915,98.6,1,C,1,29,5,81.6,70.49
6,3.9,0.823,147,120,1,0.913,90.6,1,B,1,14,3,124.2,80.87
8,3.5,0.898,164,147,1,0.832,75.9,1,C,1,20,6,150.4,84.96
4,4,0.817,126,102,1,0.902,66,3,C,1,32,2,100.7,70.22
5,3.8,0.819,137,112,1,0.734,91.2,2,B,1,22,4,119.5,74.21
4,3.1,0.765,93,71,0,0.753,77.6,4,C,0,18,5,106.6,44.7
2,3.3,0.855,98,83,1,0.726,65.9,3,B,0,25,3,65.5,61.42
7,3.7,0.869,132,114,1,0.849,51.6,1,C,1,31,5,194.4,82.51
2,3.6,0.753,44,33,0,0.695,58.9,1,B,0,35,3,105.5,39.94
0,3.7,0.766,43,32,1,0.659,55.1,3,A,1,26,3,67.2,53.86
6,3.2,0.889,118,104,1,0.791,72.2,0,B,1,4,6,103.3,81.35
1,3.4,0.795,91,72,1,0.764,73.9,2,A,1,20,3,76.1,61.53
10,4.3,0.926,253,234,1,0.923,89.3,0,B,1,34,8,149.1,92.45
11,4.8,0.932,222,206,1,0.93,99.5,0,C,1,12,8,169.1,90.61
10,4.5,0.853,248,211,1,0.927,91.2,0,C,1,16,9,194.4,94.57
3,3.3,0.868,74,64,1,0.715,53.9,3,A,1,5,4,79.9,64.77
0,3.1,0.695,55,38,1,0.699,77.4,3,B,0,35,1,85.3,50.52
10,4.1,0.939,221,207,1,0.934,100.8,0,B,1,27,9,184,95.71
4,4.1,0.865,149,128,1,0.804,91.2,0,C,0,1,2,91.8,82.35
11,4.5,0.919,271,249,1,0.977,66.9,1,B,1,34,8,147.6,93.59
11,5,0.948,244,231,0,1,79.2,0,C,1,32,7,122.7,79.47
9,4.2,0.889,223,198,1,0.921,90,0,C,1,33,7,202.4,89.77
2,3.2,0.826,106,87,1,0.749,54.1,3,B,1,31,4,111.2,63.39
3,2.9,0.871,67,58,0,0.732,48.8,2,A,1,13,1,86.9,45.61
9,3.5,0.863,230,198,1,0.778,82.3,0,B,1,2,8,133.6,90.65
3,2.9,0.855,80,68,0,0.792,61.4,2,C,0,30,3,73.1,53
1,3.4,0.878,56,49,0,0.694,46.9,3,C,1,10,1,92.7,38.83
5,4,0.861,149,128,0,0.697,87.3,1,C,1,23,5,109.7,65.06
10,3.7,0.891,213,189,1,0.907,82,0,C,1,33,7,132.5,86.68
7,4.4,0.989,168,166,1,0.911,69.3,1,A,1,29,4,112.8,89.04
5,3.6,0.853,112,95,1,0.859,60.9,1,A,1,30,6,141.8,82.01
1,3.4,0.805,93,74,1,0.788,68.6,2,C,1,34,3,76.6,63.36
6,4.6,0.874,177,154,1,0.89,80.2,0,C,0,17,3,91.2,85.03
11,4.9,0.952,203,193,1,1,85.4,0,C,0,22,8,169.9,100
1,3.2,0.777,26,20,0,0.653,48.3,4,B,0,5,0,67.4,34.83
5,3.4,0.858,98,84,1,0.816,78.2,2,B,1,11,6,139.4,80.81
9,3.4,0.95,193,183,1,0.953,86.8,0,B,1,22,6,197.2,89.35
7,3.7,0.857,173,148,1,0.862,71.4,2,C,1,32,7,77.9,83.1
7,3.9,0.854,189,161,1,0.851,88,0,C,0,24,6,114.8,88.28
7,3.6,0.861,162,139,1,0.862,65.3,2,B,1,11,5,140.2,77.65
3,3.5,0.766,91,69,0,0.772,85,2,A,1,11,3,101.7,54.04
2,3.5,0.773,68,52,1,0.739,69.6,0,A,0,17,4,133.6,66.38
8,4.1,0.853,203,173,1,0.834,71,0,A,1,32,7,143.4,87.92
8,3.9,0.889,208,184,1,0.802,73.2,0,C,1,19,5,150.1,86.54
9,4.3,0.945,236,223,1,0.912,90.5,1,C,1,27,7,164.9,88.53
10,4.6,0.989,246,243,1,0.956,82.8,0,C,1,32,7,139.6,94.37
5,3.4,0.851,128,108,1,0.824,80.2,0,C,0,25,4,135.5,74.87
4,4.2,0.857,132,113,0,0.852,83.9,2,B,1,28,4,124.2,56.8
8,4.1,0.901,161,145,1,0.947,70.7,0,C,0,27,5,147.1,85.31
6,3.9,0.757,168,127,0,0.806,75.5,0,C,1,14,3,70.5,63.7
7,4.3,0.818,148,121,1,0.843,72.8,0,B,1,2,5,113.2,92.2
8,4.2,0.927,202,187,1,0.927,89.2,0,C,1,17,7,149.6,96.28
9,4.6,0.946,209,197,1,0.944,73.9,0,C,1,1,7,149.1,96.4
3,3.7,0.863,97,83,0,0.766,70.1,2,B,1,32,4,126.5,58.89
3,3.3,0.812,119,96,0,0.806,97,2,B,0,19,1,126.7,54.43
1,3.5,0.694,64,44,0,0.694,81.9,0,B,1,14,0,98.3,45.51
5,3.3,0.797,112,89,0,0.799,60.1,2,A,1,31,4,142.7,57.41
0,3.2,0.736,27,19,0,0.717,75.8,2,A,0,18,3,95,36.2
4,3.7,0.866,130,112,1,0.792,79.3,2,C,0,14,3,96.2,68.4
5,3.7,0.83,124,102,0,0.82,59.3,1,C,0,14,4,119.8,61.4
2,3.4,0.892,98,87,1,0.794,66.7,1,A,1,24,4,63,59.84
5,3,0.922,162,149,1,0.883,61.1,2,B,0,5,3,164.8,70.67
0,3,0.864,71,61,1,0.772,40,2,B,0,16,0,42.4,58.62
0,3.2,0.734,75,55,1,0.709,63.2,1,B,0,5,0,20,55.5
8,4.2,0.914,166,151,1,0.764,70.9,0,C,0,13,6,207.6,87.7
3,3.1,0.797,65,51,1,0.781,56.3,2,C,1,16,3,101.2,63.71
1,3.8,0.81,62,50,0,0.756,66.4,5,B,0,15,1,114.8,43.38
5,3.4,0.808,164,132,1,0.838,47.1,1,A,0,31,5,142,79.99
7,4.4,0.937,195,182,1,0.836,76,1,C,0,5,6,167.4,93.57
2,3.6,0.768,108,82,0,0.636,68.2,0,B,0,21,4,113.7,54.75
6,3.7,0.764,161,123,1,0.854,82.1,2,B,1,30,4,145.9,71.21
1,4,0.895,74,66,0,0.7,47.3,3,A,1,23,1,20,50.87
0,2.7,0.802,33,26,0,0.777,90.7,4,B,0,29,3,51.1,37.08
5,4.2,0.795,115,91,1,0.775,93.6,0,C,0,13,3,41.2,82.03
5,4.2,0.84,103,86,1,0.767,63.2,0,C,0,32,6,95.4,80.09
6,3.6,0.833,159,132,1,0.851,91.5,2,C,1,27,3,112,71.39
7,4.6,0.876,172,150,1,0.896,85.8,0,B,1,34,5,132.5,87.14
11,4.4,0.97,253,245,1,0.994,76.2,0,A,1,33,7,139.6,93.62
5,3.9,0.88,150,132,1,0.855,65.2,1,B,0,4,5,109.4,78.88
3,3.7,0.834,109,90,1,0.744,63.1,2,C,0,18,3,88.5,71.08
8,4.1,0.889,218,193,1,0.811,110,0,B,1,6,7,154.4,91.16
2,3.8,0.861,60,51,0,0.75,84.3,2,B,0,28,3,118.8,45.14
4,4,0.738,103,76,1,0.712,68.6,2,A,0,27,3,118.4,69.68
0,2.5,0.743,42,31,1,0.72,63.6,1,C,0,26,1,98.9,47.62
0,3.7,0.731,76,55,0,0.738,75.2,3,C,0,20,0,85.7,32.06
11,3.8,0.98,267,261,1,0.978,91.1,0,B,1,13,8,203.6,94.53
8,4.6,0.852,202,172,1,0.876,65.5,1,C,1,28,4,199.9,88.08
7,4.5,0.811,154,124,1,0.83,79.1,0,A,1,34,5,62.6,87.39
3,3.1,0.848,105,89,1,0.833,62.9,3,B,0,23,3,138,67.75
1,3.2,0.748,93,69,1,0.626,68.3,1,A,1,10,0,49.3,58.91
1,2.9,0.776,85,65,0,0.666,65.9,0,A,0,30,1,93.6,45.81
2,3.4,0.926,97,89,1,0.881,80.2,5,A,0,22,1,103.8,62.99
5,3.7,0.888,149,132,0,0.77,69.3,1,C,1,5,5,138.3,66.1
7,4.3,0.865,190,164,1,0.888,76.9,0,C,1,9,4,134.5,81.88
6,4.4,0.856,174,148,1,0.878,51.5,0,A,0,4,3,127.9,83.42
2,4,0.853,70,59,1,0.671,71.9,1,B,1,1,2,106.3,65.34
11,4.3,0.963,224,215,1,0.877,72.2,0,B,1,34,8,157.6,91.33
7,3.9,0.879,205,180,1,0.929,57.3,0,B,1,26,7,79,85.4
5,3.1,0.853,123,104,0,0.773,86,0,C,0,18,6,119.9,62.63
6,3.6,0.788,153,120,1,0.773,73.5,2,A,0,16,3,105.5,74.94
4,4.1,0.75,118,88,1,0.747,46.1,3,B,0,23,3,87,67.64
2,4.1,0.798,105,83,1,0.702,58.6,0,B,0,26,3,68.1,70.28
3,3.1,0.789,89,70,1,0.793,69.6,2,A,0,2,2,44.9,65.39
7,3.8,0.905,160,144,0,0.815,75.9,1,B,1,5,6,124,67.86
0,3.2,0.79,22,17,1,0.614,59,0,C,1,29,1,80,52.24
1,3.4,0.755,39,29,1,0.777,40,4,C,0,4,3,111,57.01
0,2.9,0.788,42,33,1,0.655,58.4,2,A,0,35,3,62.3,47.36
0,3.4,0.759,18,13,1,0.665,77.9,3,C,1,22,3,127.3,46.2
9,4.1,1,222,222,1,0.98,95.3,0,C,0,8,6,169.5,91.48
7,4,0.895,152,136,1,0.874,68.2,0,B,1,21,5,102.4,86.65
4,3.9,0.757,143,108,1,0.83,93.6,1,B,0,8,2,97.4,76.81
1,3.3,0.885,78,69,1,0.801,47.1,0,A,0,5,3,148.6,67.7
4,3.5,0.803,95,76,1,0.766,61.3,1,B,1,21,2,134.8,67.13
4,3.6,0.786,133,104,1,0.835,81.7,2,C,0,27,3,96.2,75.64
1,3.3,0.901,66,59,0,0.772,75.3,4,A,0,5,2,114.8,40.75
4,3.5,0.852,111,94,0,0.773,70.9,3,A,0,21,5,74.2,48.95
3,3.5,0.856,59,50,0,0.801,56.1,0,B,0,8,4,87.4,60.78
6,4.5,0.898,164,147,0,0.788,60.5,1,B,0,22,6,58.1,66.71
6,4.1,0.852,182,155,1,0.881,65.3,0,C,1,18,6,146.1,84.9
0,3.1,0.751,41,30,1,0.736,52.1,2,B,1,4,3,45,52.16
3,3.8,0.8,123,98,0,0.776,71.1,2,A,1,4,2,101.6,55.6
6,3.8,0.942,163,153,1,0.771,72.9,2,B,0,15,6,81.6,74.49
4,4.1,0.845,77,65,1,0.859,57.1,1,A,0,27,5,118,72.91
9,4.4,0.968,187,181,1,0.951,74.2,0,C,1,21,5,149.8,91.96
6,3.9,0.858,165,141,1,0.84,42.2,0,B,0,4,5,83.8,88.71
1,3.5,0.756,38,28,1,0.711,70.6,3,A,1,11,3,73.7,52.03
0,2.6,0.708,65,46,0,0.661,73.6,1,A,1,19,0,84,34.64
6,3.5,0.894,166,148,0,0.835,63.1,1,B,1,19,4,141.4,66.98
0,2.7,0.865,44,38,0,0.773,55.6,2,A,0,27,0,127.5,37.37
5,3.8,0.804,120,96,0,0.781,75.6,1,C,0,28,6,156.5,59.63
10,5,0.942,249,234,1,0.926,81.3,0,C,1,5,6,139.1,97.55
5,4.7,0.779,168,130,1,0.793,81.8,1,B,1,25,3,98.8,76.89
3,3.8,0.793,122,96,1,0.762,60.2,4,B,0,3,2,61.1,68.61
6,4.1,0.875,155,135,1,0.816,66.1,0,C,1,26,3,97.7,82.63
4,3,0.748,93,69,1,0.764,68.4,0,B,0,10,3,137.8,66.03
5,3.6,0.847,153,129,0,0.837,59.7,0,A,1,24,4,72.3,57.54
10,4.1,0.875,207,181,1,0.874,77.1,0,B,1,29,6,155.4,88.78
3,3.3,0.851,65,55,1,0.777,56.9,0,C,0,7,4,95,67.34
11,4.4,0.922,246,226,1,1,86.5,0,C,1,23,8,145.3,93.43
10,4.2,0.963,237,228,0,0.943,68.8,0,A,0,27,6,120.9,77.14
2,2.6,0.793,111,88,1,0.703,71,1,A,0,9,1,39.2,55.88
0,3.5,0.712,38,27,1,0.636,82.5,2,B,0,3,0,41.2,48.91
1,2.9,0.719,68,48,0,0.646,71.6,3,B,0,13,2,85.5,35.78
0,3.3,0.685,72,49,1,0.762,67.1,6,B,0,6,2,97.9,51.46
1,4.1,0.825,38,31,1,0.791,50.1,3,A,1,21,1,136.4,58.81
6,3.5,0.99,183,181,0,0.817,90.7,0,C,1,19,5,138,71.74
0,2.2,0.802,23,18,0,0.726,78.4,1,B,0,25,2,97.8,33.64
3,3.4,0.905,60,54,0,0.862,67.6,1,A,0,4,1,152.2,52.39
9,4.7,0.959,176,168,1,0.924,73.9,0,C,0,22,6,162.1,92.91
0,4,0.754,54,40,1,0.677,55.2,1,A,1,5,3,109.5,60.78
8,3.7,0.952,160,152,1,1,98.5,0,B,1,1,5,132.6,90.37
2,3.6,0.783,110,86,1,0.651,77.4,2,B,1,17,3,117.6,60.22
1,3.1,0.771,44,33,1,0.856,57.4,2,A,0,9,2,94.3,50.8
7,4,0.865,162,140,1,0.865,88.7,0,C,1,9,4,128.7,84.05
6,5,0.854,113,96,1,0.905,90.1,0,B,1,24,6,174.4,87.6
9,3.7,0.936,220,205,1,0.859,78.2,1,C,1,10,8,115.9,91.76
7,4.1,0.842,188,158,1,0.819,71.4,0,B,1,20,7,110.2,87.61
8,4.3,0.934,218,203,1,0.847,65.1,1,C,1,17,6,179.3,90.05
2,3.9,0.851,58,49,1,0.762,76.5,0,A,1,13,3,125.1,68.17
1,3.4,0.811,28,22,0,0.752,61.4,2,A,1,29,1,88.4,43.1
7,4.2,0.972,175,170,1,0.947,69.9,1,B,0,23,6,146.2,89.37
8,4,0.953,171,162,1,0.821,76.9,0,B,0,27,7,159.5,90.82
11,4.6,0.983,225,221,1,0.978,71.7,0,C,1,18,9,179,94.67
4,3.5,0.838,102,85,1,0.844,89.3,0,B,0,18,5,119.2,71.84
3,3.8,0.838,65,54,0,0.835,81.1,1,C,0,9,1,78.8,57.89
8,4,0.915,192,175,1,0.873,77.9,1,B,1,3,5,181.1,91.12
3,3.7,0.822,85,69,1,0.755,59.3,1,C,1,7,2,97.9,67.89
10,4.4,0.898,210,188,1,0.922,70.4,0,C,1,15,8,130.3,98.99
9,4.7,0.782,202,157,0,0.883,68.4,0,B,1,30,5,156,75.4
4,3.7,0.87,131,113,0,0.874,56.2,2,B,1,9,3,122.3,55.73
7,3.3,0.928,194,180,1,0.82,79.4,1,C,1,27,4,147.9,85.01
7,4.5,0.817,187,152,1,0.808,67.8,0,B,1,18,4,165.2,83.38
1,3,0.824,91,74,0,0.674,58.1,2,C,0,31,2,76.6,40.58
10,4.1,0.887,245,217,0,0.944,70.2,0,A,1,17,6,158,72.71
4,3.4,0.816,78,63,1,0.848,83,3,C,0,6,3,86.7,63.43
8,4.7,0.955,203,193,1,0.836,67.9,0,B,1,25,6,151,94.02
3,2.7,0.771,96,74,0,0.765,84.7,1,B,0,31,2,78.2,48.86
9,5,0.853,195,166,1,0.946,75,0,C,1,29,5,134.3,89.95
3,4,0.911,84,76,1,0.842,54.6,1,B,1,9,1,133.5,77.08
0,3.3,0.773,39,30,1,0.746,70.6,0,A,0,1,3,84.1,52.34
10,4.4,0.979,251,245,1,0.891,90.6,0,B,1,16,8,202.7,94.91
1,3.4,0.714,51,36,1,0.746,56.2,4,B,0,23,2,123.3,52.85
3,3.8,0.745,92,68,0,0.744,70.3,2,B,1,8,4,110.5,51.95
11,4.8,0.884,243,214,1,0.994,85.3,0,B,1,12,7,178.6,97.88
11,4.7,0.906,243,220,1,0.969,82.6,0,B,1,10,7,160.8,85.94
5,3.8,0.778,117,91,1,0.759,67,2,C,0,16,3,151.3,70.34
6,3.8,0.88,183,161,0,0.862,84.6,1,C,1,24,5,138.9,66.58
4,3.6,0.856,79,67,1,0.845,68,2,A,0,8,2,139.3,74.36
2,3.4,0.762,98,74,0,0.715,60.7,4,A,0,11,4,76.6,43.31
3,4,0.78,90,70,0,0.77,48.3,1,A,0,26,1,63.2,52.11
6,4.1,0.827,143,118,1,0.765,52.9,2,C,1,7,4,143.1,81.05
7,2.9,0.817,173,141,1,0.875,78.1,2,C,0,15,5,157.1,73.73
8,4.4,0.744,155,115,1,0.841,76.1,0,A,1,15,7,146.3,90.22
8,4.2,0.885,149,131,1,0.932,87.6,0,C,0,3,5,161.4,91.55
1,3.3,0.772,83,64,0,0.751,80.1,1,A,1,16,3,62.4,43.86
4,3.5,0.818,90,73,0,0.773,68.1,0,A,1,15,4,140.2,59.97
0,3.6,0.729,56,40,0,0.651,76.4,2,C,0,25,3,115.2,44.66
5,4.2,0.889,100,88,0,0.779,65.8,0,C,0,33,6,150.6,66.59
4,3.4,0.956,86,82,1,0.809,69.2,2,C,1,14,5,115.7,65.32
9,4.4,0.861,237,204,1,0.941,76.4,0,C,0,24,6,187.6,89.1
3,3.2,0.891,88,78,1,0.709,88.4,2,B,0,11,3,69.7,70.24
1,2.8,0.812,43,34,1,0.685,51.2,1,C,0,3,0,105.2,54.86
1,3.1,0.795,82,65,1,0.775,67.2,3,B,0,9,2,109.5,52.21
7,4.4,0.858,204,175,1,0.926,67.1,1,B,0,6,5,151,89.47
6,4.3,0.858,175,150,0,0.792,70.4,0,B,0,31,5,99.8,67.27
1,3.5,0.851,64,54,0,0.696,62.4,3,C,0,16,2,94.9,41.37
1,3.6,0.737,73,53,0,0.785,67.4,1,C,0,11,3,80.3,42.64
7,4.2,0.862,194,167,0,0.855,91.7,1,C,0,17,7,77.3,70.04
0,2.9,0.842,60,50,0,0.683,87.8,4,B,1,3,1,44.7,35.94
8,4.3,0.938,189,177,1,0.954,84.9,0,A,1,19,7,178.8,93.04
7,4.3,0.819,162,132,1,0.873,63.8,1,C,0,24,5,124.1,85.93
1,3.6,0.785,37,29,1,0.766,64.4,1,B,0,8,0,119.7,58.95
1,3.8,0.83,84,69,0,0.7,69.6,1,A,0,2,2,122.3,45.77
11,4.8,0.963,229,220,1,0.983,76.6,0,C,1,23,6,184.4,100
3,3.7,0.87,86,74,1,0.853,66.2,3,C,1,30,1,85.6,63.46
3,4,0.84,122,102,1,0.814,68.6,0,A,1,25,3,132.3,70.67
8,4.1,0.917,207,189,1,0.942,86.3,0,C,1,7,7,150.4,86.14
10,4,0.934,242,226,1,1,86.4,0,C,1,28,6,161.3,91.68
11,4.4,1,204,204,1,0.996,74.2,0,C,1,17,8,140.7,92.84
7,3.7,0.854,166,141,1,0.83,82.6,0,C,1,32,4,121,85.69
3,3.3,0.823,129,106,0,0.82,90.2,3,A,1,1,1,77.1,50.19
1,3.3,0.743,35,26,1,0.661,48.3,3,C,0,27,2,116.8,62.53
8,3.8,0.828,163,134,1,0.858,71.8,0,B,0,7,7,190,85.81
5,3.7,0.864,154,133,0,0.855,66.3,1,C,1,3,4,147.7,66.77
4,2.9,0.798,98,78,1,0.626,72,3,B,0,30,4,118,58.88
10,4.5,0.913,247,225,1,0.943,58.1,0,B,1,1,7,150.8,97.18
1,3.3,0.875,97,84,1,0.771,82.8,2,B,1,34,2,102.3,64.43
4,3.3,0.913,150,136,0,0.765,71.6,3,A,1,33,4,99.5,52.15
0,3.5,0.891,29,25,1,0.759,68.6,2,A,0,16,1,79.1,52.19
4,4,0.916,124,113,1,0.832,73.2,2,A,1,11,3,87.4,74.15
0,2.6,0.9,47,42,0,0.747,58.8,1,B,0,8,3,99.5,38.73
1,3,0.815,60,48,0,0.797,74.9,3,C,0,1,2,109,44.72
1,3,0.748,63,47,1,0.762,66.6,1,C,1,14,2,115.3,56.87
6,3.5,0.812,157,127,1,0.86,49,0,C,1,30,5,144.7,82.21
7,4.4,0.945,170,160,1,0.835,74.2,0,C,1,21,7,150.6,91.69
5,3.7,0.851,111,94,0,0.82,69.2,0,A,0,21,4,88.7,66.65
11,4.4,0.936,259,242,1,1,89.9,0,C,1,34,8,135.4,92.4
3,2.8,0.793,60,47,1,0.757,101.9,3,C,1,26,2,113.9,59.27
2,3.7,0.786,102,80,0,0.825,72.5,1,A,0,14,4,129,56.38
9,3.8,0.922,175,161,1,0.949,103.9,0,C,1,35,5,144,88.71
2,3.5,0.755,108,81,1,0.823,59.8,1,B,0,18,2,96.2,61.06
11,4.6,0.943,219,206,1,0.905,74,0,C,0,20,9,168.5,99.28
0,3.7,0.856,54,46,0,0.724,62,2,B,1,9,0,24.7,41.47
11,4,0.823,242,199,1,0.919,86.6,0,C,1,33,8,175.2,89.88
0,2,0.703,62,43,1,0.716,57.3,4,A,0,4,2,63.5,47.52
9,4.3,0.937,241,225,1,0.883,59.2,0,A,1,4,6,170.3,97.38
5,4.5,0.916,115,105,1,0.76,72.8,2,C,1,16,3,119.1,77.6
11,5,0.906,220,199,1,0.966,67.8,0,B,1,26,9,162.6,100
0,3.3,0.68,59,40,0,0.661,78.4,3,A,1,6,2,75.3,34.77
5,3.6,0.92,123,113,1,0.818,80.2,1,C,0,22,5,110.2,80.06
11,4.8,0.889,226,200,1,0.907,72.4,0,C,1,7,6,127.2,92.58
5,3.4,0.83,168,139,1,0.821,78,1,B,1,30,6,148.6,75.36
6,4.1,0.878,129,113,1,0.794,67.4,3,A,0,10,5,109,81.12
7,4.2,0.842,148,124,1,0.845,74.9,0,C,0,15,6,122,81.96
4,4.1,0.791,118,93,0,0.744,70.5,0,B,0,6,3,114.4,63.93
6,5,0.819,157,128,0,0.799,70,1,B,0,24,6,94.5,71.15
5,3.9,0.941,111,104,0,0.866,82.5,1,C,1,2,5,105,71.18
10,4.2,0.974,257,250,1,0.982,66.6,0,C,1,15,6,217.5,96.45
0,3.2,0.809,18,14,0,0.702,71.4,3,C,0,21,2,90.1,34.03
2,2.7,0.698,89,62,0,0.769,71.7,0,A,1,18,4,70.3,43.57
11,4.2,0.959,231,221,1,0.914,64.6,0,C,1,5,7,105.6,91.98
9,4.1,0.929,170,157,0,0.841,69,0,C,1,25,7,182,75.49
4,3.5,0.771,96,74,1,0.712,57.9,1,B,0,10,2,81.6,73.77
6,4,0.875,159,139,1,0.793,69.6,1,A,1,23,5,111.7,83.76
2,3.1,0.86,49,42,0,0.704,68.6,1,C,1,24,1,83.5,42.74
2,3.9,0.836,67,56,0,0.863,56.9,1,B,1,10,4,68.6,53.84
4,3.7,0.801,91,72,0,0.711,82.6,3,C,0,6,3,109.7,50.05
3,3.6,0.822,77,63,1,0.823,82.2,3,A,0,13,4,87.5,62.19
5,3.7,0.885,146,129,1,0.83,87.3,1,C,0,21,5,138.3,80.1
0,3.3,0.783,30,23,0,0.721,40,2,C,0,32,2,84.2,35.68
11,4.8,0.993,228,226,1,0.928,104.9,0,C,0,15,7,211,92.69
11,4.2,0.95,228,216,1,0.976,83.5,0,B,1,2,6,211.6,96.23
7,3.8,0.913,176,160,0,0.83,76.1,1,A,1,15,7,107.4,70.82
5,3.7,0.889,143,127,0,0.879,71.3,2,B,1,17,3,110.2,59.46
3,3,0.768,111,85,1,0.81,53.6,0,B,0,20,3,168.6,73.17
8,3.8,0.892,151,134,1,0.881,81.3,0,C,1,6,4,109.2,92.49
6,3.7,0.845,178,150,1,0.834,93.3,0,A,1,15,6,151.9,83.68
1,3.7,0.846,64,54,1,0.769,68.3,1,A,0,17,0,104.4,56.05
10,4.5,0.94,203,190,1,0.958,66.6,0,B,1,26,8,134.5,97.65
8,4.2,0.88,165,145,0,0.936,58.7,0,B,1,22,7,120,75.32
10,4.7,0.852,217,184,1,0.962,76.5,1,C,1,9,6,215.3,90.97
7,4,0.796,179,142,1,0.84,66.6,0,C,1,12,4,190.7,84.59
6,4.1,0.877,168,147,1,0.823,82.4,0,C,1,22,6,140.9,81.03
4,3.6,0.799,139,111,1,0.828,87.4,5,B,0,23,4,70.4,70.09
10,4.5,0.95,187,177,1,0.934,85.6,0,C,1,14,9,197.7,92.92
9,4,0.821,215,176,1,0.891,77.5,0,B,1,24,7,110.3,90.81
0,2.2,0.86,59,50,1,0.76,63.4,6,A,0,8,0,101.5,45.53
0,3.1,0.813,30,24,0,0.768,65.9,3,B,1,26,3,31.4,33.35
3,4.1,0.826,130,107,0,0.79,55.6,2,C,1,32,3,104.2,55.76
8,4.5,0.973,200,194,0,0.883,84.2,0,A,0,28,7,170.5,78.97
11,4.9,0.977,209,204,1,1,68.5,0,A,1,32,6,83.2,97.34
1,3.8,0.77,68,52,1,0.801,79.9,2,B,0,22,3,72.1,61.52
5,3.8,0.852,140,119,1,0.771,68.1,2,C,0,9,3,124.6,78.98
3,3.6,0.723,74,53,1,0.701,79.5,2,B,1,3,1,93.7,62.26
11,4.3,0.983,226,222,1,0.931,63.8,0,C,1,25,6,147.9,96.63
9,4.1,0.888,227,201,1,0.947,88.4,0,C,1,12,7,148,91.16
8,4.4,0.79,202,159,1,0.949,93.4,0,B,1,29,6,175.1,92.76
4,4.2,0.775,138,106,1,0.755,55.6,0,A,1,3,3,153.1,81.17
4,3.6,0.878,77,67,0,0.82,69.6,0,A,1,23,4,133.2,62.57
2,3.3,0.888,89,79,0,0.74,72,2,C,0,23,2,142.6,43.44
0,3.2,0.781,29,22,1,0.794,69.6,5,A,0,18,3,64,40.69
9,4.5,0.854,176,150,1,0.936,74.4,0,C,1,11,5,169.9,93.85
8,3.6,0.818,164,134,1,0.825,70.8,1,C,1,26,6,113.4,84.5
11,3.6,1,260,260,1,0.87,84.5,0,C,1,8,6,255.9,91.76
11,4.3,0.952,274,260,1,1,85.7,0,B,1,28,7,171,93.7
5,3.3,0.832,123,102,1,0.787,65,0,B,0,18,5,144.1,76.96
7,3.8,0.847,136,115,1,0.899,65.6,0,B,0,13,6,83.1,88.59
10,4.3,0.95,200,190,1,0.957,94.5,0,C,1,12,8,183.4,95.46
9,4.1,0.935,186,173,1,0.827,79.8,0,C,1,22,7,155.4,91
2,4,0.762,111,84,1,0.7,40.7,1,A,0,2,1,109.9,66.89
4,3.8,0.777,119,92,1,0.763,85.6,0,B,1,28,4,112.4,76.61
1,3.4,0.739,48,35,1,0.681,59.3,2,A,0,13,1,84.4,52.76
11,4.7,0.907,273,247,1,0.953,82.3,1,C,1,33,8,158.8,88.53
6,3.5,0.827,145,119,1,0.852,78.5,1,A,1,3,4,125.3,76.34
2,3.9,0.888,66,58,1,0.867,50.2,5,B,1,34,2,140,60.08
6,3.9,0.837,157,131,1,0.859,70.5,3,B,0,23,3,117,79.7
6,4.2,0.799,175,139,1,0.898,89.8,0,B,1,32,5,195.8,84.09
3,3.1,0.761,125,95,1,0.734,82.6,3,C,0,20,2,105.8,59.64
1,2.7,0.784,74,58,1,0.787,63,3,A,1,28,2,130,53.05
6,4.2,0.771,180,138,1,0.796,82.6,0,B,1,8,3,162.3,79.66
5,3.9,0.845,120,101,1,0.774,82.7,0,B,1,3,3,73.1,79.74
8,3.8,0.822,223,183,1,0.819,86.6,1,B,1,30,6,103.4,83.85
5,3.4,0.906,96,86,0,0.706,58.7,3,C,1,25,4,99.7,50.86
9,4.7,0.909,180,163,1,0.954,98.2,0,B,0,30,8,105.7,97.68
5,3.3,0.954,124,118,0,0.788,66.9,1,C,1,29,6,107.6,61.24
5,4.4,0.837,143,119,0,0.887,73.8,0,B,0,30,3,120.8,66.47
9,3.9,0.746,178,132,1,0.854,74.3,1,C,1,34,6,171.5,86.49
3,3.8,0.894,102,91,0,0.72,72.3,1,C,0,25,4,109.4,57.48
1,3.2,0.819,55,45,0,0.683,56.1,2,A,0,17,1,88.2,40.77
0,3.4,0.813,17,13,0,0.728,62.3,2,B,0,24,2,110.7,35.94
7,3.8,0.825,156,128,0,0.756,77.7,0,A,0,28,4,162.7,70.75
6,3.8,0.86,133,114,1,0.872,88.7,0,B,0,33,5,185.2,82.72
7,4,0.885,158,139,1,0.792,88.7,0,C,1,7,6,141.6,88.15
2,3,0.795,88,69,1,0.713,81.9,2,A,1,23,3,23.7,63.04
1,3.6,0.707,62,43,0,0.715,76.9,0,C,0,26,1,100.8,48.23
0,3,0.918,70,64,0,0.774,87.2,0,A,0,14,3,148.1,47.61
3,3.5,0.863,131,113,0,0.828,66,0,C,0,28,3,134.8,58.33
5,3.4,0.869,117,101,1,0.761,70.6,3,B,1,24,3,157.7,72.36
3,2.5,0.887,106,94,1,0.78,67.1,1,C,1,7,2,106.8,66.09
4,3.6,0.867,78,67,1,0.862,70.3,2,C,0,15,5,139.4,69.91
10,5,0.883,204,180,1,0.906,62.8,0,C,1,3,8,199.2,96.14
3,3.9,0.883,117,103,1,0.809,72.7,0,A,0,2,1,94,72.15
5,3.8,0.891,140,124,1,0.841,78.5,2,C,0,7,5,105,84.32
8,4,0.857,151,129,1,0.943,73.9,0,B,1,16,7,157.6,89.81
3,3.6,0.86,113,97,0,0.764,48.4,2,B,0,21,4,133.1,55.24
6,4.1,0.85,124,105,0,0.77,74.3,2,C,1,9,5,45.3,64.59
9,3.8,0.913,206,188,1,0.864,63,0,C,0,12,7,146.2,92.7
10,4.8,0.946,250,236,1,0.95,85.1,0,B,1,29,7,101.4,93.73
1,3.6,0.862,38,32,1,0.673,67.9,4,A,0,24,3,84.3,55.59
10,4.7,0.884,218,192,1,0.895,82.6,0,B,1,33,9,210.7,91.34
4,3.8,0.853,120,102,0,0.807,58.3,1,B,0,14,4,93.3,63.98
2,3.4,0.908,46,41,1,0.745,83.1,3,A,0,18,1,87.4,59.94
4,3.9,0.826,140,115,1,0.812,73,2,C,0,5,4,131.9,69.29
11,4.7,0.94,224,210,1,0.993,70.5,0,B,1,15,8,197.8,96.05
4,3.5,0.935,94,87,1,0.851,78,1,C,1,7,5,140.7,71.4
3,3.3,0.853,70,59,0,0.708,70.7,1,C,1,25,2,105.1,47.76
6,3.9,0.788,164,129,1,0.824,96,2,C,1,14,5,145.1,80.83
2,4.1,0.767,91,69,1,0.749,61.4,1,A,0,35,1,111.8,57.18
0,2.7,0.814,75,61,0,0.7,50,3,B,1,24,0,58.9,37.29
1,2.7,0.815,70,57,0,0.753,70,0,A,0,15,2,35.5,46.41
1,3.4,0.802,41,32,0,0.748,78.6,1,A,0,11,0,61.1,42.49
1,3.3,0.902,28,25,1,0.759,94.4,1,B,0,24,0,131.2,60.27
1,3.4,0.763,49,37,0,0.672,107.5,3,C,1,11,2,154.4,46.38
6,4,0.858,165,141,1,0.84,55.4,1,A,0,17,3,125.3,76.82
2,3.3,0.709,88,62,1,0.817,66.4,2,A,0,6,1,138,64.91
3,4.2,0.879,65,57,0,0.774,54.6,1,A,0,21,3,95.1,58.14
9,3.6,0.863,225,194,1,0.95,75.5,0,C,1,8,8,162.5,88.39
4,3.3,0.887,145,128,1,0.816,100.7,1,C,0,15,3,93.6,74.94
6,3.9,0.909,123,111,1,0.817,64.2,2,A,1,32,4,158.4,74.99
1,2.7,0.911,37,33,0,0.752,66.2,1,B,0,10,3,68.8,41.75
2,3.4,0.84,104,87,0,0.763,61,0,C,0,28,3,69.2,46.89
0,3.9,0.762,7,5,1,0.736,53,0,A,0,15,3,81.4,53.94
1,3.3,0.816,91,74,1,0.857,88,5,B,0,12,1,112.5,58.69
2,3.5,0.769,63,48,0,0.745,49.5,1,A,0,18,2,100.9,48.41
1,2.8,0.81,75,60,0,0.675,65.5,0,B,1,24,1,73.9,45.59
1,3.1,0.784,59,46,0,0.646,67.6,5,B,0,29,1,61,38.31
1,3.2,0.79,31,24,1,0.709,66.1,2,B,1,10,2,37.4,54.88
4,3.5,0.79,91,71,0,0.728,67.2,2,B,0,14,3,98.3,54.44
2,3.9,0.822,43,35,1,0.786,87.4,2,A,1,16,2,91.4,64.68
3,3.8,0.862,128,110,0,0.816,44.2,2,A,1,11,3,120.6,56.12
4,3.2,0.752,93,69,1,0.766,76.2,0,B,0,26,5,77,69.48
7,4.1,0.841,156,131,1,0.887,81.3,0,C,1,19,6,156,87.12
0,3.4,0.788,25,19,1,0.715,68.4,1,C,0,18,1,62.2,51.32
8,4.6,0.772,220,169,0,0.945,67,0,A,1,30,4,128.6,77.43
6,4.5,0.949,133,126,1,0.9,88.5,1,C,0,32,5,165.5,80.01
1,2.9,0.758,33,25,0,0.765,80.4,0,A,0,23,2,20,41.83
9,3.9,0.856,204,174,0,0.823,68.1,0,B,1,12,8,115.2,77.06
10,3.9,0.906,256,231,1,0.87,65.6,0,C,1,13,7,161.4,87.87
0,3.1,0.787,39,30,1,0.735,48.3,1,A,1,21,0,79.9,48.79
2,3.6,0.769,54,41,0,0.665,70.7,1,A,0,21,3,44.9,39.7
8,4.5,0.938,162,151,0,0.871,77.6,0,B,1,29,6,129.2,76.57
7,4,0.895,140,125,1,0.93,71.2,1,C,1,29,6,164.7,81.99
2,3.3,0.765,52,39,1,0.709,93,0,B,1,27,1,61.1,64.1
2,3.5,0.781,78,60,0,0.685,62.5,1,B,1,29,3,128.4,42.9
3,3.2,0.745,92,68,1,0.786,71.7,0,C,1,15,3,82.5,69.46
4,4.5,0.772,117,90,1,0.883,68.7,1,C,0,12,2,55.8,71.94
6,3.3,0.881,122,107,1,0.808,97.6,1,C,0,19,5,152.6,74.45
3,3.6,0.78,75,58,1,0.825,45.6,2,B,0,12,1,111.5,60.4
4,4.5,0.925,93,86,0,0.779,67.3,0,A,1,23,5,68,68.44
7,4,0.879,197,173,1,0.86,82.9,1,A,0,5,4,119.7,81.35
0,3.1,0.712,66,46,0,0.685,62.3,1,B,0,26,3,131.7,42.39
2,3.3,0.75,41,30,1,0.697,52.3,1,C,0,10,1,115.8,59.65
7,4,0.928,142,131,1,0.924,77.6,2,C,0,22,5,169.5,81.87
9,4.8,0.899,170,152,1,0.831,59,0,B,0,23,7,117.9,90.4
5,2.9,0.898,136,122,0,0.845,80.5,0,A,1,11,6,156.8,69.43
5,4.4,0.83,107,88,0,0.869,67.5,2,A,0,28,5,77.3,60.05
1,2.7,0.766,26,19,0,0.763,59.5,2,A,0,31,2,46.2,34.27
4,3.6,0.891,145,129,1,0.84,83.6,1,B,1,8,2,137.1,79.06
5,3.6,0.805,113,90,1,0.887,60.5,0,C,1,28,4,80.1,82.6
2,3.7,0.832,42,34,1,0.75,49.5,0,B,0,16,1,141.5,64.19
2,2.8,0.797,52,41,0,0.674,57.1,3,B,1,31,3,58.4,42.16
3,3.7,0.865,132,114,1,0.796,94.1,2,B,1,16,1,74.8,66.75
0,4,0.871,10,8,1,0.73,53,0,A,0,5,3,114.6,67.51
3,3,0.801,66,52,1,0.664,73.9,1,C,1,35,2,85.4,57.78
2,3.5,0.78,91,70,0,0.689,78.1,0,B,1,25,3,119.9,48.18
3,3.3,0.854,69,58,0,0.723,58.2,1,A,0,13,1,70.6,54.32
1,3.5,0.74,85,62,1,0.674,55.2,2,B,0,29,3,79.7,56.31
9,4.3,0.984,223,219,1,0.916,80.7,0,C,1,27,6,174.2,96.9
5,3.5,0.92,106,97,0,0.826,75.2,1,A,1,17,3,94.6,60.49
6,4.1,0.812,185,150,1,0.789,90.2,1,B,0,29,3,158.7,81.43
8,4.9,0.81,150,121,1,0.801,67.8,0,B,1,34,6,133.2,89.19
4,3.6,0.777,84,65,1,0.8,66.5,2,A,0,30,5,115.6,67.59
1,3.6,0.736,33,24,1,0.72,100.6,4,A,0,31,1,57.9,47.56
5,3.3,0.888,147,130,0,0.84,51,1,B,0,22,3,96.9,60.54
5,3.4,0.926,104,96,1,0.933,48.5,1,B,0,25,4,94.7,74.78
7,4.2,0.915,138,126,1,0.885,58.9,0,C,1,4,7,117.7,96.6
4,4.3,0.823,112,92,0,0.776,84.2,1,C,1,35,4,158.4,58.87
1,3.5,0.811,36,29,1,0.731,61.2,1,B,0,9,2,121.6,55.41
2,3.3,0.764,94,71,0,0.746,62.7,1,B,0,26,3,109.6,50.11
3,3.6,0.876,79,69,0,0.823,57.9,0,C,1,27,2,84.2,52.02
6,3.4,0.883,162,143,0,0.847,85,0,C,1,27,4,102.7,68.75
5,4,0.887,133,117,0,0.735,56.1,0,A,1,18,3,90.9,63.51
3,3.9,0.785,78,61,0,0.743,62.5,1,B,0,30,4,94.9,52.59
11,4.3,0.922,209,192,0,0.952,70.4,0,C,1,31,9,176.4,77.85
6,3.7,0.898,121,108,1,0.919,41.9,0,C,1,3,6,146.4,84.69
2,3.5,0.879,41,36,0,0.736,62.3,0,C,0,29,2,96.4,49.53
1,3.1,0.763,48,36,1,0.64,65.8,3,B,0,7,2,105,49.97
1,3.3,0.833,60,49,0,0.746,57.2,3,C,0,18,3,116.1,37.31
2,4.3,0.772,78,60,0,0.786,64.8,3,A,1,16,1,84.8,46.6
1,3.2,0.899,83,74,0,0.743,63.6,1,B,0,32,1,121,44.84
2,3.3,0.787,84,66,1,0.867,66.4,0,C,0,25,3,66.5,62.5
2,3.2,0.839,84,70,1,0.87,55.4,2,A,0,32,4,113.6,64.34
1,3.6,0.802,96,76,1,0.73,53.2,2,A,0,19,2,89,60.08
9,4.2,1,228,228,0,0.948,79.1,0,B,1,3,5,157.3,75.46
1,3.1,0.805,28,22,1,0.803,48.8,1,C,1,35,3,77,55.67
5,4.3,0.822,111,91,0,0.808,69.9,1,A,0,29,6,157.4,63.4
4,4.2,0.867,127,110,0,0.768,90.6,1,B,1,11,4,93.9,58.91
11,4.3,0.961,240,230,1,1,81,1,B,1,6,7,209.6,100
1,2.6,0.786,46,36,0,0.752,44.6,5,B,0,19,2,129.8,35.51
3,4,0.766,109,83,1,0.719,71.7,0,C,0,27,1,117.5,69.72
11,4.2,0.904,212,191,0,0.96,91.3,0,B,0,5,8,158.6,86.07
9,4.6,0.947,238,225,1,0.915,69,0,A,0,26,7,126.9,95.35
8,3.4,0.802,169,135,1,0.842,73.4,1,B,1,35,7,84.2,87.21
2,3.8,0.795,110,87,1,0.711,57.5,1,B,0,19,2,112.2,66.67
1,2.8,0.843,79,66,0,0.752,61,1,A,1,17,1,54.7,44.06
6,4.2,0.857,151,129,0,0.828,66,0,B,1,35,4,98.9,65.77
10,4.4,1,217,217,1,0.971,85.2,0,C,0,13,7,176.5,97.15
5,3.4,0.761,153,116,1,0.835,92.4,0,B,1,14,5,107.1,83.46
5,3.6,0.8,112,89,1,0.817,73.2,2,B,0,30,6,126.5,77.95
2,3.7,0.692,96,66,1,0.731,49.5,1,B,1,17,4,109.8,60.4
7,4.1,0.975,187,182,0,0.868,105.9,0,B,0,15,5,184.1,79.71
2,3.7,0.76,88,66,1,0.798,75,1,A,0,18,3,102,62.55
3,4.3,0.722,100,72,1,0.704,78.9,1,B,0,14,2,87.5,65.99
4,3,0.804,103,82,0,0.708,70.2,1,C,1,14,3,109.7,51.02
4,4.3,0.765,150,114,0,0.724,73.8,1,B,1,33,5,94.7,58.63
2,3.5,0.777,92,71,0,0.796,63.9,4,B,0,11,4,152.4,40.29
1,3,0.796,64,50,0,0.755,77.3,1,A,0,11,1,99.2,43.19
6,3.4,0.902,144,129,1,0.92,68.3,0,C,0,26,5,145.5,81.77
2,3.4,0.799,66,52,0,0.685,73.9,2,B,1,3,2,136.6,45.52
5,4.2,0.849,119,101,1,0.937,84.1,2,B,0,25,6,94.6,76.99
1,3.3,0.765,97,74,0,0.708,81.5,0,B,0,17,3,45.2,43.54
4,4.3,0.759,99,75,1,0.687,83.4,1,A,0,22,4,111.3,71.74
5,3.2,0.756,151,114,1,0.902,60.2,3,C,1,29,4,77.3,72.91
0,3.2,0.762,56,42,0,0.638,83.9,1,B,0,26,1,67.7,35.39
3,3.1,0.825,89,73,0,0.757,77.5,1,A,1,34,1,38.6,46.82
1,3.5,0.772,86,66,1,0.714,70.2,2,C,1,26,1,47.4,58.83
0,3.6,0.69,75,51,1,0.704,70.1,3,A,0,9,2,116.7,48.25
11,4.3,0.94,235,220,1,0.917,79.6,0,C,1,11,9,180.1,95.2
3,2.5,0.902,60,54,1,0.852,63.9,1,B,1,7,1,157.9,65.28
8,4.2,0.883,166,146,1,0.923,72.6,0,C,1,30,6,143.1,89.07
2,3.6,0.778,87,67,0,0.746,83.5,0,A,0,2,3,93.9,50.54
6,4.1,0.859,145,124,1,0.908,75,1,B,1,30,3,134.5,76.82
7,4.5,0.82,165,135,1,0.845,78.9,0,A,1,4,5,243.7,86.46
5,3.4,0.79,145,114,0,0.789,73.2,1,C,1,14,3,151.6,61.35
4,3.9,0.857,94,80,1,0.905,63,2,C,1,13,4,86.8,75.22
4,4.1,0.884,148,130,0,0.828,45.2,0,C,0,25,3,124.2,63.59
3,2.8,0.814,88,71,1,0.724,78.7,3,C,0,13,4,108.6,58.82
10,4.5,0.818,228,186,1,0.86,88,0,C,0,13,6,181.6,91.65
8,3.9,0.907,201,182,1,0.894,76.9,2,C,1,6,6,200.2,83.9
11,4.5,1,212,212,1,0.855,68.4,0,C,1,26,7,185.6,94.43
1,3.5,0.781,74,57,0,0.696,88.3,2,A,0,14,2,76.9,45.14
7,3.8,0.867,179,155,1,0.857,71.4,1,C,1,8,5,191.9,82.89
10,4.1,0.873,195,170,1,0.91,83,0,C,1,24,7,120.8,88.53
2,3.5,0.831,106,88,0,0.698,59.6,1,A,1,22,1,87.9,48.57
0,2.8,0.746,62,46,1,0.676,48.8,5,B,0,21,3,107,52.07
7,3.6,0.927,166,153,1,0.939,82.6,1,C,1,26,5,112.3,92.41
5,4.1,0.815,127,103,1,0.859,54.5,0,A,0,10,5,118.4,83.89
9,3.8,0.92,213,195,0,0.919,81.2,1,B,1,13,6,131,73.08
1,3.6,0.791,35,27,0,0.727,69.3,2,A,0,14,3,86.8,38.88
8,4.3,0.967,188,181,1,0.902,63.6,0,B,1,9,6,123,90.31
2,2.7,0.828,108,89,1,0.772,52.4,0,A,1,7,2,98.4,67.41
1,3,0.863,64,55,1,0.757,57.3,3,A,0,31,1,78.1,51.34
1,3.8,0.799,41,32,0,0.749,59,2,A,0,16,0,127.8,44.75
8,3.8,0.881,167,147,0,0.91,58.6,0,C,0,8,7,155.6,73.94
6,3.7,0.86,170,146,1,0.782,60.5,1,B,1,15,4,150.1,84.06
5,4,0.81,117,94,1,0.793,73.4,1,B,0,25,6,124.3,76.56
3,3.9,0.847,112,94,1,0.794,93.4,1,B,1,15,2,91,74.91
9,4.2,0.868,231,200,0,0.851,90.6,0,A,1,25,7,162,77.76
3,3.3,0.827,70,57,0,0.744,71.4,4,C,1,7,4,110.1,49.77
8,4.7,0.932,172,160,1,0.889,90.5,0,C,1,26,6,71.4,93.24
4,4.4,0.914,110,100,0,0.813,84.9,2,B,0,8,5,113,60.21
3,3.9,0.829,111,92,0,0.789,65.8,0,B,1,18,3,124.2,61.74
4,3.7,0.878,84,73,0,0.769,74.1,0,C,1,21,3,90.5,64.67
3,3.2,0.858,76,65,1,0.835,81.2,0,B,1,16,3,130,66.65
7,3.7,0.856,187,160,1,0.85,88.9,0,A,0,3,6,146.7,88.2
4,3.9,0.94,81,76,1,0.837,84.5,0,B,0,1,3,100.1,79.34
2,3.6,0.778,66,51,0,0.726,55.7,1,C,0,13,4,112.3,49.4
9,4.8,0.907,196,177,1,0.923,92.6,0,B,1,32,7,140.9,98.2
3,3.8,0.894,112,100,0,0.881,91.8,1,B,0,12,1,112.3,55.33
5,3.2,0.92,107,98,1,0.823,90.4,2,A,1,31,3,112.2,75.93
10,4.8,0.917,213,195,1,0.905,67,0,B,1,2,8,176.5,95.25
6,3.5,0.911,115,104,1,0.816,58,0,C,1,8,5,168.4,76.24
1,3.2,0.782,80,62,0,0.725,72.1,1,A,0,25,2,74.9,39.7
10,4.5,0.892,186,165,0,0.921,97.7,0,C,1,5,9,187.1,80.08
6,4.7,0.801,187,149,1,0.827,76.7,0,B,1,2,4,119,89.98
3,4.8,0.857,86,73,1,0.81,66.7,1,A,0,3,1,95.3,77.12
1,3.6,0.835,24,20,0,0.761,65.4,2,B,0,22,0,76.1,40.54
8,4.1,0.861,155,133,1,0.878,89.2,0,C,1,33,7,93.4,86.57
6,4.1,0.875,138,120,1,0.944,70.1,1,A,1,32,5,143,78.84
5,4.1,0.981,110,107,1,0.895,78.3,1,B,0,17,5,128.5,83.26
9,4.1,0.96,189,181,1,0.872,76.9,0,C,1,18,6,156.9,91.65
8,4.9,0.844,188,158,0,0.796,66.3,0,A,1,3,5,190.6,80.87
1,3.4,0.844,82,69,0,0.712,54.9,1,C,0,6,0,137.9,45.31
3,3.8,0.776,131,101,0,0.77,75.8,1,A,0,13,2,143.2,53.13
2,3.7,0.663,72,47,1,0.671,40,1,A,1,31,1,88.9,58.48
7,4.2,0.874,145,126,0,0.833,81.3,1,C,1,17,7,127.4,71.26
0,3.5,0.858,17,14,1,0.734,63,3,A,0,21,2,49.5,44.6
5,3.5,0.918,99,90,0,0.824,83.9,0,C,0,16,5,121.9,66.09
7,3.8,0.894,205,183,1,0.768,82.7,1,B,1,17,4,136.2,83.4
9,3.8,0.876,240,210,1,0.955,79,0,A,1,32,7,168.2,92.54
3,3.7,0.845,110,92,0,0.825,56.7,1,C,0,1,4,71.9,59.89
8,4.5,0.876,189,165,1,0.819,64.8,0,C,0,8,5,132.8,95
1,3.5,0.768,75,57,1,0.726,58.8,1,B,0,1,3,37.2,66.54
9,4.9,0.956,216,206,1,0.87,88.9,0,B,1,2,7,130.5,96.71
1,3.3,0.767,37,28,0,0.693,87.7,3,A,0,24,3,114.8,30.54
3,3.8,0.877,65,57,0,0.817,73.5,0,C,1,27,3,71,58.53
8,3.7,0.859,188,161,1,0.919,69.9,0,C,1,20,4,196.3,91.52
1,3.2,0.897,50,44,1,0.802,60.7,3,A,0,21,1,118.3,54.34
2,3.7,0.725,72,52,1,0.741,62.7,0,B,1,35,2,111,57.77
7,4.4,0.828,145,120,1,0.914,88,1,B,0,15,6,176,89.78
7,3.9,0.868,200,173,1,0.832,70,1,B,1,30,6,132.4,83.72
6,3.9,0.763,177,135,1,0.794,73.5,0,C,0,4,4,105.9,78.17
7,3.4,0.747,134,100,1,0.697,91.6,2,A,1,15,7,133.1,77.08
5,3.6,0.749,105,78,0,0.786,65.7,4,A,0,23,6,68.4,54.37
2,3.8,0.793,66,52,0,0.778,74.7,3,A,0,15,4,131.7,44.84
3,3.8,0.808,119,96,1,0.786,80.3,2,B,1,26,2,93.5,66.16
2,3.6,0.824,77,63,1,0.727,68.8,2,A,1,12,1,73.3,64.64
10,4.4,0.907,207,187,1,0.971,103.4,0,C,1,18,8,140.8,98.03
5,3.8,0.863,134,115,0,0.821,92.5,1,C,0,6,5,120.5,69.84
3,3.3,0.798,81,64,0,0.807,72.7,3,A,1,18,2,107.6,43.23
4,4,0.87,92,80,0,0.833,61.4,1,C,0,24,2,107.6,62.35
10,4.6,0.946,245,231,1,1,70.9,0,C,1,28,7,155.5,95.11
1,3.5,0.777,90,69,1,0.743,69.1,2,A,0,15,3,104.5,60.75
5,3.6,0.875,125,109,1,0.859,59.4,0,A,0,19,6,87,84.48
4,2.8,0.825,129,106,0,0.791,74.2,3,A,1,5,4,118.8,51.48
6,4.3,0.786,137,107,0,0.795,94.3,1,B,0,4,5,118.5,66.75
0,3,0.825,48,39,0,0.747,65.7,1,C,0,17,2,20.1,38.11
9,3.9,0.857,178,152,1,0.971,78.3,1,C,1,10,7,119.5,85.33
10,4.7,0.961,193,185,1,0.914,90.2,0,C,1,12,9,136.2,94.46
5,3.6,0.864,106,91,0,0.813,78.8,0,C,0,5,6,170.1,65.88
7,4.5,0.871,199,173,0,0.865,61.7,0,B,1,7,4,149.6,73.95
10,4.6,0.823,238,195,1,0.938,74.5,0,C,1,23,8,168.1,91.83
7,4.3,0.952,184,175,1,0.905,98.2,0,A,0,2,5,121.4,89.56
1,2.8,0.775,50,38,0,0.771,70.4,4,A,0,30,0,72.6,38.02
5,4.3,0.88,150,132,1,0.929,60.4,1,C,0,5,3,84.5,81.75
6,4,0.856,181,154,0,0.809,71.7,0,B,0,20,6,118.2,66.22
4,3.5,0.821,134,110,1,0.825,49.6,1,B,0,26,4,153.3,73.31
7,4.1,0.885,205,181,1,0.884,53.2,0,C,1,6,4,96.5,89.76
10,3.7,0.918,226,207,1,0.933,91.8,0,C,0,29,8,142.4,93.29
10,4.5,0.903,222,200,1,0.958,79.9,0,B,1,10,9,187.8,96.85
4,3.3,0.832,144,119,0,0.784,77.2,0,B,0,16,2,139.7,61.61
1,2.8,0.815,75,61,1,0.754,80.4,0,B,0,34,0,66.4,60.47
11,3.9,0.955,235,224,1,0.896,85.6,0,C,1,31,7,202.9,84.85
8,4.6,0.891,219,195,1,0.861,85.8,1,B,1,5,7,131,91.06
1,3.1,0.825,78,64,1,0.793,69.6,6,C,0,33,1,53.5,54.13
10,5,0.895,256,229,1,0.976,95.4,0,C,0,19,9,204.9,100
9,4,1,217,217,1,0.952,99.8,0,C,1,32,6,154.8,94.12
5,3.1,0.922,168,154,1,0.82,74.9,1,C,1,23,6,115,75.81
5,3.3,0.886,137,121,0,0.873,74.4,0,C,0,3,6,125.2,63.49
3,4,0.724,73,52,1,0.809,73.3,0,A,0,1,1,74.9,68.4
0,3.1,0.81,42,34,1,0.697,63.7,3,A,0,28,1,63.1,46.37
3,3.3,0.804,73,58,0,0.698,64.7,2,C,1,5,2,147.1,54.58
8,4.2,0.84,153,128,1,0.895,89.6,0,C,1,13,5,199.8,90.29
0,3.4,0.762,58,44,1,0.749,60.2,1,B,0,11,0,46.6,58.07
3,4,0.778,109,84,1,0.792,64,1,B,0,22,3,92.3,71.72
3,4.1,0.846,68,57,0,0.862,80.3,1,C,0,23,4,104.1,57.41
5,3.6,0.929,106,98,1,0.923,84.2,1,A,1,12,4,126,76.42
10,3.9,0.958,188,180,1,0.929,108,0,C,0,21,9,131.5,96.75
3,3.4,0.959,76,72,0,0.827,84.1,4,B,0,19,1,123.5,49.04
3,3.7,0.743,94,69,1,0.728,79.4,2,C,0,5,4,125.8,70.35
7,3.6,0.85,155,131,1,0.806,87.2,1,B,1,24,4,161.5,82.71
4,3.3,0.787,112,88,1,0.736,69.2,2,C,0,30,4,134.6,72.86
2,3.6,0.869,107,92,0,0.808,74.7,1,A,0,8,2,98.4,55.28
4,3.7,0.824,85,70,0,0.81,78.3,1,C,0,2,2,141.7,56.24
1,3.3,0.803,83,66,0,0.779,60,2,C,0,34,3,104.3,47.42
1,3,0.825,75,61,1,0.867,65.9,1,B,0,23,0,43.5,59.49
4,3.6,0.762,94,71,1,0.801,82.4,1,C,0,3,2,67.7,72.03
4,3.3,0.803,119,95,0,0.749,70.8,1,A,1,24,4,121.3,56.44
10,4.7,0.966,219,211,0,0.998,87.3,0,C,1,18,7,198.6,79.15
3,4,0.794,121,96,0,0.727,80.3,0,C,1,31,1,117.4,56.21
5,3.1,0.762,98,74,1,0.882,82.7,1,A,0,14,3,137.6,73.83
6,3.5,0.817,153,125,0,0.731,94.8,2,C,1,1,6,96.2,65.3
0,2.6,0.766,49,37,0,0.677,58,4,B,0,14,0,82,25.43
6,3.6,0.87,162,140,1,0.876,93.7,1,B,1,5,3,162.3,81.31
1,3.3,0.79,50,39,1,0.789,72.2,4,A,0,31,1,101.4,52.53
11,3.9,0.899,244,219,1,0.911,91.5,0,C,1,31,7,171.1,86.04
1,2.9,0.841,91,76,0,0.703,74.9,1,A,0,30,3,105.8,47.49
4,3.3,0.828,77,63,0,0.804,78.8,1,C,0,1,2,118.8,60.12
1,3.4,0.804,61,49,1,0.83,58.9,3,B,0,3,0,123.2,60
11,4.5,0.902,219,197,1,0.869,91.1,0,C,0,20,6,174.8,85.37
4,3.4,0.91,111,101,0,0.805,53.7,4,B,0,21,4,111.1,55.5
5,3.9,0.829,140,116,1,0.828,97.6,3,C,1,30,5,88.6,71.04
0,3,0.784,46,36,0,0.67,69.6,4,B,0,30,3,116.4,32.49
7,3.9,0.927,169,156,0,0.84,89.4,0,B,1,5,6,107.8,72.69
2,4.1,0.821,89,73,0,0.746,76.2,3,B,0,10,4,103.1,42.3
9,4.8,0.915,228,208,1,0.928,78.9,0,C,0,24,5,176,87.34
2,2.9,0.709,78,55,1,0.714,61.5,1,A,1,6,3,149.7,60.44
2,3.8,0.841,63,52,1,0.837,59.2,1,B,1,10,2,102.8,66.53
0,3.5,0.783,26,20,0,0.74,74.4,4,C,0,10,2,121.7,35.12
4,3.2,0.862,80,68,1,0.825,79.7,2,A,0,25,2,112.8,62.97
5,4.1,0.857,143,122,1,0.874,79.2,2,C,1,14,4,103.2,76.09
0,3.8,0.752,63,47,1,0.721,63.6,1,A,0,13,3,163,62.79
8,3.7,0.934,221,206,0,0.878,82,1,B,1,11,4,107.5,70.8
4,3.3,0.844,144,121,0,0.788,65.9,2,A,1,11,3,199.6,53.88
5,4.2,0.784,165,129,0,0.745,64.3,0,A,0,16,5,168.9,69.34
4,3.8,0.9,78,70,1,0.918,67.7,3,A,1,33,5,94.8,68.66
3,3.8,0.749,107,80,1,0.801,66.7,0,A,1,32,3,123.5,72.51
5,3.9,0.893,125,111,1,0.706,90.1,1,B,1,10,4,78.1,79.64
1,3.5,0.868,62,53,0,0.82,50.1,2,A,1,15,1,105.8,41.64
2,2.9,0.752,88,66,1,0.664,67.6,1,B,0,16,1,105.7,56.78
9,4.7,0.897,217,194,1,0.934,86.1,0,C,0,27,8,178,90.18
10,4.8,0.906,227,205,1,0.818,103.8,0,C,1,32,9,147.9,91.03
3,3.5,0.812,113,91,0,0.752,62.2,0,B,1,6,2,108.8,59.12
2,3.4,0.899,89,80,0,0.848,54.6,1,C,1,8,1,110.3,49.53
6,3.3,0.807,169,136,1,0.896,82.7,0,A,1,25,4,113.3,79.67
3,3.8,0.806,73,58,0,0.787,71.5,1,A,0,7,2,146.2,52.16
0,3.4,0.855,31,26,0,0.771,62.4,0,A,0,17,3,83.9,45.37
1,3.3,0.777,90,69,0,0.656,71.8,1,C,1,30,2,98.3,40.03
7,4.5,0.829,194,160,1,0.878,85.8,0,C,1,2,6,111,93.14
6,3.8,0.875,142,124,1,0.889,82.8,1,C,1,17,6,78.5,86.47
0,3.4,0.82,40,32,1,0.849,68.6,1,A,0,4,0,39.6,56.62
2,3,0.788,107,84,1,0.717,83.8,1,B,1,26,4,113.9,56.78
2,3.4,0.835,89,74,0,0.763,70.4,1,A,1,14,1,72.3,46.96
6,3.8,0.793,167,132,0,0.826,74.5,0,B,0,8,6,149.9,69.21
0,3.3,0.714,60,42,1,0.724,73.6,0,B,0,5,0,129.6,57.9
1,3.2,0.772,90,69,1,0.769,51.4,2,A,1,5,1,111.1,57.33
8,4.1,0.919,192,176,1,0.949,84.4,1,A,1,5,5,156.8,92.97
1,3.6,0.832,53,44,1,0.792,62.9,3,B,0,27,0,107.7,53.01
6,3.7,0.803,170,136,0,0.751,58,2,B,0,5,6,161.1,65.86
2,2.8,0.843,93,78,1,0.634,73.1,4,A,0,3,2,105.4,57.99
1,4,0.802,45,36,0,0.708,61,2,B,0,30,3,107.9,41.54
2,4,0.763,68,51,1,0.738,48.6,2,C,0,1,3,79,65.4
7,3.5,0.809,146,118,1,0.814,65,0,B,1,8,5,106.7,84.07
9,4.5,0.914,203,185,1,0.89,98.8,0,A,1,13,8,136.8,96.77
8,3.9,0.954,169,161,1,0.89,70.3,3,B,1,20,7,134.2,93.14
3,3.7,0.823,75,61,1,0.805,73.4,0,B,0,6,3,93,68.33
6,4,0.815,149,121,0,0.777,61,0,A,0,8,6,162.4,71.64
2,3.3,0.714,59,42,1,0.722,93.2,0,A,0,30,1,20,62.79
2,3.1,0.884,70,61,0,0.773,68.8,0,B,0,15,2,89.6,56.23
9,4,0.955,211,201,1,0.953,70.3,1,C,1,10,5,174.3,92.3
0,2.8,0.795,22,17,0,0.772,75.6,5,A,1,33,2,101.2,36.55
1,3,0.868,84,72,0,0.838,91.1,1,B,0,9,0,63.4,43.2
2,3.4,0.818,76,62,1,0.719,63.1,2,C,0,33,4,148.2,57.26
0,2.9,0.753,56,42,1,0.601,56.6,1,C,0,9,2,38.5,50.41
2,3.7,0.835,59,49,0,0.75,95.5,1,B,1,14,3,85.5,49.16
5,4.4,0.807,138,111,1,0.729,71,0,B,0,32,3,110.7,83.91
4,3.4,0.785,83,65,1,0.92,68.2,1,C,0,6,4,102.4,76.09
9,4.4,0.941,210,197,1,0.877,52.8,0,C,1,5,5,192.8,91.86
8,4.3,0.932,216,201,1,0.928,76.6,0,C,1,4,4,144.5,92.05
3,3.7,0.757,92,69,1,0.803,53.2,1,A,1,16,1,113.6,63.36
2,3.5,0.745,106,78,1,0.752,61.3,3,A,0,10,3,122.4,60.59
3,3.9,0.799,127,101,0,0.873,45.3,0,C,1,31,3,84.8,58.25
5,4,0.813,149,121,1,0.8,87.3,1,C,0,31,4,115.4,76.45
2,2.9,0.831,50,41,1,0.719,50.4,0,B,1,14,1,146.3,65.36
6,4.3,0.864,154,133,1,0.799,50.7,0,C,0,13,3,139.3,85.54
3,3.9,0.879,99,87,0,0.831,58.6,3,C,1,4,1,71.2,48.25
5,3.5,0.864,163,140,1,0.816,87.5,0,B,0,26,3,94.3,70.39
4,3.7,0.802,86,68,1,0.744,65.7,1,B,0,24,2,138.8,71.21
2,3.7,0.713,50,35,0,0.747,64.3,2,B,0,9,1,62.1,44.3
10,4.3,0.925,244,225,1,0.97,85.7,0,C,1,35,6,145.8,93.02
7,4.5,0.79,181,142,0,0.853,73.7,1,C,0,15,5,142.1,71.2
1,4.3,0.761,43,32,0,0.766,81.4,4,B,0,24,1,88.4,37.54
9,3.9,0.867,174,150,1,0.903,75.6,0,C,0,31,8,196.5,89.54
4,3.1,0.809,141,114,1,0.761,68.3,4,C,1,19,2,38.5,64.65
9,4.4,0.837,196,164,1,0.93,105.7,0,A,0,2,5,166.5,91.74
8,4.4,0.853,197,168,1,0.832,77.7,2,A,0,2,5,135.5,89.41
4,3.6,0.892,85,75,1,0.759,73.8,1,C,1,34,3,151.5,69.4
0,3.8,0.837,21,17,1,0.784,62.5,2,A,1,19,0,72.9,50.2
2,2.9,0.884,109,96,1,0.759,40,0,B,0,23,1,89.8,70.85
5,4.1,0.849,152,129,1,0.904,83,4,A,1,16,4,119.9,72.79
6,3.7,0.875,169,147,1,0.889,93.9,1,B,0,6,4,108.2,84.83
2,4.1,0.865,102,88,0,0.75,83.1,1,A,0,26,4,78.3,61.09
1,4.1,0.72,74,53,1,0.733,59.8,2,A,1,22,3,83.5,63.94
8,3.8,0.929,209,194,1,1,74.9,0,A,1,24,4,193.3,91.8
11,4.3,0.995,242,240,1,1,85.7,0,C,1,21,7,153.3,93.86
5,4.1,0.804,132,106,0,0.836,76.3,0,B,0,30,6,99.4,68.72
1,3.2,0.863,65,56,1,0.722,74.7,2,C,0,11,0,76,57.15
2,3.4,0.91,103,93,0,0.877,70.4,2,C,1,9,4,96.1,56.79
0,3.2,0.819,23,18,1,0.787,60.7,4,C,1,12,3,133.8,52.57
10,3.6,0.946,234,221,0,0.911,81.6,0,C,1,26,9,137.1,77.07
1,3.3,0.738,55,40,1,0.809,78.5,2,C,1,3,2,163,56.76
5,3.5,0.902,107,96,1,0.845,107.5,2,A,0,33,3,133.6,71.99
2,3.2,0.756,102,77,0,0.696,62,1,A,1,15,4,66,48.69
5,4.4,0.867,137,118,0,0.796,75.2,0,C,0,5,3,103.6,68.57
6,3.4,0.885,161,142,0,0.893,69.6,0,A,1,24,3,69.9,65.41
8,4.5,0.724,184,133,1,0.796,80.7,0,C,0,11,5,147.2,90.01
2,3.3,0.828,50,41,0,0.705,79.7,2,B,1,33,1,127.5,45.5
0,3.1,0.911,10,9,1,0.726,62.5,2,B,0,23,3,80.9,52.98
1,3.6,0.689,79,54,0,0.685,41.9,3,A,0,10,0,112.1,36.88
10,4.5,0.914,185,169,1,0.897,92.3,0,C,1,28,7,172.9,84.56
9,4.5,0.805,237,190,1,0.857,80.1,0,C,1,17,7,188.3,95.13
5,4.2,0.803,152,122,1,0.853,68.4,4,C,0,26,5,90.6,73.89
6,3.8,0.765,133,101,1,0.826,67.2,0,B,1,25,4,154.5,81.5
6,3.7,0.87,168,146,0,0.819,77.7,0,A,1,12,6,184.6,70.37
1,2.9,0.833,42,34,0,0.722,58.1,3,A,0,3,3,165,40.06
10,4.1,0.937,238,223,1,0.931,73.1,0,B,0,29,9,202.6,95.07
4,4.9,0.788,101,79,0,0.78,56,1,A,0,24,2,117.1,63.34
3,4.1,0.79,86,67,1,0.763,61.3,1,A,1,19,3,75,71.59
5,3.3,0.862,99,85,1,0.869,80.1,0,B,0,13,6,95.5,69.31
0,2.7,0.735,25,18,1,0.705,48.4,4,B,0,16,2,74.8,47.2
1,3.5,0.727,40,29,0,0.723,80.3,1,B,0,27,1,143.8,41.94
7,4.2,0.863,177,152,1,0.933,61.4,1,B,0,6,6,120.1,86.28
1,3.5,0.746,92,68,1,0.811,68.3,1,B,0,10,3,93.4,63.67
6,3.8,0.882,169,149,1,0.787,79.8,0,C,1,8,5,156.2,83.84
2,3.4,0.872,59,51,1,0.694,77.9,1,B,0,18,2,20,61.27
3,3.7,0.951,123,116,0,0.797,79.4,1,B,1,32,3,72.1,61.04
2,3.5,0.824,43,35,0,0.798,67,2,B,1,17,1,154.6,45.48
3,2.7,0.853,100,85,1,0.804,67.4,0,A,0,2,2,135.3,69.73
7,3.9,0.845,151,127,1,0.908,82.7,1,B,0,20,4,167.5,77.34
2,3.1,0.78,80,62,0,0.726,71.3,2,B,1,10,1,67.8,50.53
5,3.9,0.912,161,146,1,0.742,68.4,2,B,1,9,6,163.5,71.96
4,4.9,0.821,101,82,0,0.726,75.5,0,C,0,25,5,87.5,65.97
6,4.1,0.865,167,144,1,0.872,72,1,B,0,25,4,130.7,83.77
10,4.3,0.978,236,230,0,1,72.8,0,C,1,24,9,180.8,84.97
7,4.4,0.862,174,149,1,0.766,71,0,C,1,6,6,161,85.94
2,3.6,0.882,96,84,1,0.846,73.8,4,A,0,30,2,110.8,60.03
0,3.4,0.809,59,47,0,0.741,53.9,4,C,1,10,3,74,40.77
2,3.7,0.83,110,91,1,0.757,81.3,2,A,0,31,4,40.6,67.15
5,4.6,0.816,167,136,1,0.779,65.8,0,C,1,18,5,122.5,87.98
0,2.7,0.805,70,56,0,0.796,40,0,A,0,33,0,20,44.15
4,3.9,0.813,95,77,0,0.836,77.6,0,B,0,19,4,129,59.57
5,3.4,0.872,101,88,0,0.852,40.1,0,C,1,23,3,90.6,61.93
3,3.8,0.816,121,98,1,0.738,57.4,1,C,0,5,4,99.2,73.64
8,3.8,0.937,190,178,1,0.982,106.1,0,B,0,26,4,128.7,85.08
1,3.2,0.792,64,50,0,0.732,79.2,4,C,0,29,0,105,39.11
0,3.1,0.882,63,55,0,0.755,76.7,1,B,0,24,3,56.3,44.8
7,4.4,0.862,150,129,0,0.865,62.1,2,A,1,6,5,143.7,67.02
4,4,0.808,149,120,1,0.752,68.8,0,B,1,4,4,117.5,77.27
6,3.4,0.879,129,113,1,0.864,88.9,1,B,1,26,6,130,73.97
4,3.7,0.888,103,91,1,0.849,78.7,3,B,0,15,4,123.8,73.15
2,3.2,0.861,87,74,0,0.748,81.6,3,C,1,13,3,59.9,46.65
8,3.6,0.897,150,134,1,0.901,98.4,1,C,0,22,4,109,81.59
8,4.1,0.906,211,191,1,0.895,84.9,1,C,0,13,7,187,86.41
7,3.9,0.892,192,171,1,0.916,60.7,0,C,0,17,5,89.8,86.06
2,4.4,0.753,59,44,0,0.722,75.2,3,A,0,25,3,161,47.85
5,4,0.899,111,99,1,0.847,69.7,0,A,0,34,5,115.9,82.81
3,3,0.758,127,96,0,0.779,54,2,C,0,21,2,78.5,46.48
1,3.1,0.74,61,45,0,0.699,77.2,0,C,0,25,2,113.8,42.02
10,4.8,0.919,255,234,1,0.891,94.4,0,B,1,25,9,143.1,95.38
1,4.2,0.778,61,47,1,0.693,65.4,2,A,1,22,1,98.1,56.48
11,3.9,0.97,238,230,1,0.986,85.3,1,C,1,23,9,205.3,89.37
4,2.9,0.857,116,99,0,0.793,46.1,0,A,1,25,3,133.4,59.91
2,4.2,0.814,85,69,1,0.743,81.5,2,A,0,14,3,108.8,61.85
5,3.9,0.792,98,77,1,0.834,82,0,C,1,14,4,139.6,77.61
9,3.9,0.904,191,172,1,0.961,81.5,0,C,1,26,8,153.2,90.75
7,4.2,0.873,199,173,1,0.924,60.5,1,C,1,30,5,160.3,85.16
8,3.1,0.9,178,160,1,0.86,57.3,1,C,0,26,6,111.8,84.79
6,3.9,0.84,180,151,1,0.882,98.3,1,B,0,22,3,171.8,82.04
7,4.2,0.902,159,143,1,0.977,63.5,0,C,0,34,6,131.3,91.11
9,4.6,0.885,239,211,1,0.91,80.1,0,A,1,25,7,157.3,92.03
2,3,0.829,108,89,1,0.756,56.4,0,C,0,13,1,86.6,65.93
4,3.7,0.874,127,110,0,0.796,43.5,3,B,1,29,3,130.2,55.22
2,3.1,0.781,64,49,0,0.692,73.4,0,B,1,9,3,127.6,49.11
11,4.6,0.891,216,192,0,0.984,88.7,0,C,0,15,6,138.2,80.52
10,4,0.94,253,237,1,0.935,60,0,A,1,31,9,157.9,93.71
0,3,0.714,22,15,1,0.682,78.3,0,C,0,27,0,85.1,49.39
7,3.6,0.931,172,160,0,0.916,69.2,3,B,0,31,6,149.1,70.09
10,4.6,0.917,241,220,1,0.971,67,1,B,0,10,9,151.3,93.55
2,3.8,0.802,52,41,1,0.722,54.2,4,A,1,7,3,83,61.5
5,3.7,0.875,111,97,1,0.8,83,1,C,1,32,3,146.6,77.81
10,4.4,0.941,214,201,1,0.908,56.9,1,C,1,11,9,175.3,93.35
0,2.6,0.78,79,61,1,0.815,50.1,1,A,1,28,2,86.5,55.4
7,3.9,0.919,153,140,0,0.952,80.7,0,A,1,4,4,173.5,76.06
2,3.4,0.774,41,31,1,0.779,71.6,1,C,0,31,4,55.9,60.24
10,5,0.952,216,205,1,0.924,67.7,0,B,0,29,8,184,98.39
11,4.1,0.876,211,184,1,0.925,96.9,0,C,1,33,6,179.2,91.61
10,5,0.942,199,187,1,0.958,66.6,0,C,0,4,8,116.4,100
4,4.1,0.818,104,85,0,0.904,68.5,0,C,0,26,4,147,60.77
9,4.4,0.837,190,159,0,0.904,74.4,1,C,1,31,7,169.7,74.08
9,5,0.916,226,207,1,0.939,74.5,0,B,1,31,6,173.7,91.96
3,3.7,0.819,93,76,1,0.648,67.2,0,C,1,27,3,94.9,73.18
8,4.3,0.812,175,142,1,0.877,74.3,0,B,1,25,7,166.9,88.29
0,3.2,0.674,24,16,0,0.608,62.1,3,A,0,31,0,58.1,30.33
5,4.3,0.841,159,133,0,0.794,70.3,2,A,0,23,3,79.6,59.86
2,3.9,0.888,89,79,0,0.78,81,0,C,0,35,2,95.6,57.96
1,3.1,0.81,23,18,0,0.721,63.7,0,B,1,4,1,108.3,43.36
0,2.7,0.747,14,10,1,0.667,73.3,2,A,0,28,1,110.4,48.37
7,3.9,0.93,177,164,0,0.85,77.3,0,C,1,13,6,140.5,69.88
3,3.2,0.866,117,101,1,0.779,73.9,0,B,1,1,3,106.2,71.07
7,4,0.939,192,180,0,0.871,84.8,0,C,0,12,7,166.4,76.21
0,3.7,0.814,22,17,0,0.72,51.3,1,A,1,26,0,70,43.23
3,3.4,0.865,104,89,1,0.786,77,2,C,0,23,1,87.1,67.62
5,3.8,0.885,126,111,1,0.895,70,4,C,1,22,5,168.5,81.56
8,4.2,0.865,175,151,0,0.777,65.5,0,A,1,28,4,135.7,75.81
3,3.9,0.739,76,56,0,0.763,78.8,2,C,0,17,3,131.5,49.71
6,3,0.836,151,126,0,0.838,68.9,0,A,0,6,4,168.8,63.95
9,4,0.958,215,205,1,0.919,83,0,C,1,14,7,158.3,97.9
6,4,0.843,156,131,1,0.802,41.5,1,C,1,17,6,135.9,84.21
2,3.9,0.8,112,89,0,0.744,76.7,2,B,1,5,3,149.9,49.68
0,3,0.722,58,41,0,0.61,96.1,3,A,1,13,2,40.8,31.29
9,3.5,0.875,200,175,1,0.911,78.4,0,C,1,9,5,112.3,86.42
0,3.4,0.78,75,58,1,0.728,61.8,0,A,0,26,2,104.5,60.85
9,4,0.927,202,187,1,0.882,73,0,C,1,13,8,139.7,87.68
5,3.3,0.825,112,92,0,0.91,79.2,2,C,0,19,5,145.8,56.96
10,4.1,0.89,222,197,0,0.918,76.4,0,C,1,17,8,158.3,78.04
8,4.1,0.931,207,192,1,0.902,84.8,0,C,0,16,5,169,91.27
11,4.3,0.946,211,199,1,1,102.2,0,B,1,30,8,141.6,92.36
3,2.7,0.843,131,110,1,0.89,79.6,1,C,1,32,3,122.4,69.54
7,4.4,0.952,202,192,1,0.832,73.4,2,A,0,14,6,121,87.66
3,4.1,0.796,109,86,0,0.739,56.1,3,A,1,15,4,125.6,51.15
4,3.9,0.832,111,92,1,0.792,66.1,1,C,1,12,2,182.9,72.18
6,3.5,0.889,117,104,0,0.814,72.1,1,C,0,11,4,103.9,67.5
9,4.2,0.859,180,154,1,0.939,62.7,0,A,1,5,6,141.4,91.44
11,4.5,0.941,232,218,1,0.915,94.5,0,C,1,11,8,164.2,94.87
7,4.3,0.877,134,117,0,0.929,82.3,1,A,0,34,6,145.7,73.41
4,3.9,0.973,115,111,0,0.871,58.4,1,A,1,19,2,43.3,58.47
4,3.4,0.84,140,117,1,0.858,49.6,5,A,0,26,4,113,67.06
7,4.1,0.933,155,144,0,0.84,84.1,0,C,0,26,7,129.4,72.89
2,3.6,0.849,68,57,0,0.747,48.3,5,C,0,17,1,89.7,49.95
1,3.9,0.736,88,64,0,0.759,67.5,2,B,0,31,2,96.8,40.19
3,3.8,0.743,80,59,1,0.788,64.6,0,A,0,19,1,114.6,68.43
2,3.8,0.82,71,58,1,0.743,77.6,2,C,0,20,2,106.2,59.65
2,3.5,0.87,63,54,0,0.765,77.7,1,B,0,23,3,63.7,56.31
2,4,0.822,88,72,1,0.736,58.1,1,B,1,25,1,88.5,66.56
0,3.4,0.784,24,18,0,0.702,75.7,4,C,1,28,0,71.2,30
0,2.9,0.766,42,32,1,0.657,61.5,5,B,0,12,2,95.8,43.3
11,5,0.864,257,222,1,0.878,81.7,0,C,1,1,6,139,96.76
4,4,0.787,144,113,1,0.834,71.5,3,C,0,2,4,117.8,71.95
3,3.4,0.74,59,43,1,0.741,96.5,1,B,1,10,3,152.3,66.09
6,3.7,0.807,119,96,1,0.884,72.6,1,C,0,34,6,48.2,76.42
2,3.6,0.781,97,75,1,0.775,47.9,2,B,0,32,4,90.9,68.48
10,4.6,0.955,196,187,1,0.959,71.4,0,B,1,25,6,100.5,94.25
8,4.2,0.867,153,132,1,0.845,85.9,0,C,1,10,4,144,91.28
1,3.4,0.806,72,58,0,0.674,63.1,6,B,0,1,0,113.1,42.04
4,4.4,0.841,118,99,0,0.777,71.2,1,A,0,32,3,96.7,61.05
9,4.7,0.928,178,165,0,0.994,73.3,0,A,1,12,7,179.8,84.42
10,4.5,0.865,202,174,1,0.961,46.2,0,C,1,18,8,200.8,92.07
4,4,0.888,142,126,1,0.787,61.7,0,B,1,30,3,124.1,80.52
6,3.5,0.791,186,147,1,0.799,73.1,2,A,0,13,4,112.6,79.87
1,3.5,0.771,39,30,1,0.678,45.3,2,A,1,3,0,104.1,58.17
11,5,0.929,270,250,0,0.876,67.4,0,C,1,21,8,218.4,85.08
2,3.3,0.845,111,93,0,0.77,63.9,1,A,0,14,4,56.1,50.17
10,4,0.985,246,242,1,1,76,0,A,1,10,9,193.2,96.21
6,3.6,0.9,153,137,1,0.941,78.7,0,C,0,2,4,89.3,85.57
6,3.5,0.933,146,136,0,0.894,70.7,3,C,0,11,4,82.5,61.76
5,3.5,0.807,164,132,1,0.778,76.8,2,B,0,1,5,83,76.49
2,3.3,0.867,85,73,1,0.699,59.6,0,A,0,26,3,94.8,70.31
1,2.8,0.845,80,67,0,0.799,69,2,B,0,13,3,125.9,41.07
2,3.4,0.687,91,62,1,0.74,85.7,3,A,1,28,3,35.7,53.11
2,3.8,0.796,74,58,1,0.734,71.5,4,B,0,21,1,125.7,58.37
8,3.8,0.919,192,176,1,0.872,74.2,0,B,1,10,5,139.4,82.45
3,4.2,0.795,73,58,1,0.798,58.2,1,A,0,12,4,70.9,70.04
0,3.4,0.726,74,53,0,0.651,66,0,A,0,27,3,97.7,47.23
11,4.9,1,252,252,1,0.987,78.9,0,C,0,3,6,153.8,93.06
9,4,0.908,198,179,0,0.85,85.2,2,B,1,28,7,219.8,69.44
10,4.7,0.923,251,231,0,1,58.1,0,B,1,2,8,175,78.12
11,4.1,0.865,205,177,1,0.9,79.2,0,B,1,28,7,169.7,91.71
1,3.7,0.763,96,73,1,0.755,71.5,3,B,0,31,0,107.4,57.81
3,3.6,0.776,109,84,1,0.702,71.1,2,C,0,21,4,144.3,66.11
7,4.2,0.929,197,183,1,0.873,71.5,0,B,1,7,4,179.2,86.78
7,3.6,0.901,178,160,1,0.917,71.3,0,C,1,31,7,163.8,87.1
1,3,0.765,39,29,1,0.778,53.3,2,A,1,14,0,129.3,56.79
8,4.4,0.917,155,142,1,0.934,81.5,1,C,0,9,6,180.1,93.66
2,3.1,0.795,53,42,0,0.743,73.1,0,A,1,23,4,123.3,47.13
2,3.6,0.819,106,86,0,0.724,51,4,A,0,12,2,84.2,45.72
5,3.2,0.86,98,84,1,0.77,81.7,0,A,1,29,3,157.7,73.91
5,4.1,0.869,104,90,1,0.902,64.6,4,A,0,22,5,107.1,76.1
5,3.3,0.863,111,95,1,0.83,68,1,B,1,4,6,127.9,73.18
1,3.5,0.815,74,60,1,0.752,88.7,0,B,0,7,2,76.7,65.78
9,4.5,0.966,172,166,1,0.987,97.7,0,C,0,8,5,172.2,92.82
2,3.2,0.839,109,91,1,0.792,50.6,3,A,0,35,2,134.4,59.26
1,3.6,0.777,96,74,1,0.72,51.2,2,B,0,9,1,75.8,57.38
9,4.4,0.898,175,157,1,0.945,65.9,0,B,0,13,5,109.6,94.6
11,4.3,0.992,223,221,0,0.941,100.5,1,C,0,20,9,198.3,75.89
9,3.9,0.908,190,172,1,0.833,71.2,0,A,1,21,7,183.1,87.34
8,3.4,0.87,152,132,1,0.952,59.3,2,A,1,19,6,190.9,81.81
6,4,0.83,136,112,0,0.806,88.8,0,B,0,2,6,154.8,66.54
5,3.2,0.862,153,131,1,0.809,79.6,1,C,0,30,3,147.5,76.79
1,3.4,0.751,25,18,1,0.708,93.5,0,B,1,23,2,66.5,54.88
3,3.4,0.885,126,111,0,0.765,76.6,1,A,0,13,3,126.1,55.81
3,3.8,0.769,98,75,0,0.815,69.1,3,A,1,33,1,168.4,45.47
2,3.3,0.881,88,77,1,0.794,71,1,A,0,32,3,79.4,70.02
7,3.9,0.861,184,158,1,0.845,70.1,1,B,1,28,7,99.5,85.65
4,4,0.781,111,86,1,0.718,86.7,0,B,0,24,5,116.2,73.62
1,3.5,0.803,78,62,1,0.749,82.8,2,A,1,28,0,116.1,57.79
2,3.6,0.76,80,60,1,0.617,49,1,B,0,30,1,102.5,58.31
6,4.1,0.864,180,155,1,0.855,85.3,0,C,1,29,6,181.5,86.6
0,2.6,0.751,50,37,1,0.767,52.1,1,A,0,34,0,54.2,51.04
9,4.6,0.95,179,170,1,0.927,107.5,0,B,1,22,8,106.5,96.1
4,3.9,0.841,103,86,0,0.86,89.2,2,B,0,25,5,154.9,54.56
4,3.3,0.775,82,63,1,0.719,57.3,0,B,1,14,5,69.8,67.19
5,3.7,0.818,111,90,1,0.913,75.4,0,C,1,10,5,129.5,75.03
8,4.1,0.924,184,170,1,0.953,88.9,0,C,0,10,4,186.1,86.57
3,3.5,0.885,60,53,0,0.819,62,1,A,0,8,3,110.5,53.32
6,4,0.86,164,141,1,0.812,57.6,0,A,0,14,3,107.1,88.88
5,4.4,0.796,160,127,0,0.766,73.7,0,B,0,32,4,158.2,64.19
2,3.9,0.86,92,79,0,0.766,66.1,2,B,0,32,3,101.1,48.27
9,3.7,0.938,209,196,1,0.98,67.5,0,C,1,3,7,145.4,91.88
8,4.4,0.954,170,162,1,0.841,91.8,0,B,1,20,6,193.3,90.17
6,4.4,0.876,167,146,1,0.847,58.5,1,C,1,13,4,116.7,79.62
9,4.4,0.877,233,204,1,0.938,77.2,0,C,1,23,5,134,89.52
9,4.7,0.929,226,209,1,0.964,80.7,0,C,1,19,6,124.9,93.71
7,4.8,0.892,188,167,1,0.906,79.2,0,C,1,16,4,172.5,96.02
8,4.6,0.86,160,137,0,0.808,90.6,0,C,1,35,4,156.8,73.35
7,4.1,0.885,199,176,1,0.924,72.6,1,B,1,7,4,121.4,86.43
6,4.3,0.852,151,128,1,0.843,42.8,1,C,1,8,3,84.8,78.33
6,4,0.899,125,112,1,0.8,69.4,0,B,1,25,3,170.3,85.08
7,4,0.9,171,153,1,0.871,84.2,0,C,1,23,5,121.8,84.97
1,3.2,0.741,79,58,0,0.618,64.8,4,B,1,10,2,33.4,35.06
9,4.9,0.845,219,185,1,0.921,76.9,0,B,1,30,6,154.6,89.89
9,3.9,0.898,178,159,1,0.902,84.8,2,C,1,33,7,183,83.36
0,3.8,0.782,17,13,1,0.646,72.9,1,C,0,11,2,101.6,51.73
8,4.3,0.927,222,205,1,0.884,55.6,0,C,1,35,7,146.4,92.61
1,2.8,0.819,79,64,1,0.704,66.3,4,A,0,27,2,74.7,49.98
3,3.7,0.894,98,87,1,0.766,67.2,3,C,1,3,2,87.2,68.57
7,3.2,0.852,175,149,1,0.745,76.4,3,C,1,8,7,174.3,75.57
1,3.6,0.767,57,43,0,0.64,42.9,1,B,0,13,0,29.4,40.16
8,4.5,0.841,151,126,0,0.861,92.9,0,C,1,3,4,115.5,74.29
8,3.9,0.927,153,141,1,0.878,77.1,0,B,0,20,6,141.1,87.37
4,3.7,0.836,87,72,1,0.847,76.1,0,A,1,35,2,52.2,73
0,4,0.687,75,51,0,0.65,86.2,2,B,0,13,0,73.5,37.56
2,3.2,0.817,96,78,0,0.73,73.2,1,A,0,20,4,59.2,53.02
6,3.5,0.875,122,106,1,0.823,55.5,1,C,0,24,4,142.2,72.13
11,5,0.923,236,217,1,0.942,80.5,0,B,1,9,6,150.8,99.39
6,4.7,0.877,179,156,1,0.852,82.1,0,A,0,30,3,116,83.59
2,3.4,0.746,112,83,0,0.715,68.7,2,B,0,25,2,76.7,50.9
6,4.3,0.944,143,134,1,0.896,94.5,1,B,0,16,6,148.3,85.67
5,4.3,0.867,169,146,0,0.941,62.2,1,A,0,8,6,117.9,71.05
8,3.8,0.8,219,175,1,0.819,91.9,0,A,0,28,4,172.4,85.97
1,3.1,0.793,88,69,1,0.751,76.6,0,B,0,12,2,124.2,62.24
7,4.5,0.896,200,179,0,0.873,76.6,0,C,1,24,5,127.4,71.24
5,4.5,0.793,135,107,1,0.856,76.5,2,C,0,29,6,99.1,77.69
11,4.7,0.957,265,253,1,0.972,69.8,0,B,0,15,6,155.4,92.1
3,3.2,0.905,90,81,1,0.765,65.8,1,B,1,18,4,183.9,69.7
6,4.7,0.83,132,109,1,0.775,80.9,0,B,0,7,3,109.5,86.05
10,4.2,0.938,241,226,1,0.969,78.2,0,B,1,13,7,154.8,93.03
1,3.2,0.804,72,57,1,0.68,67.2,1,C,0,19,2,94.4,62.68
10,4.5,0.965,209,201,1,1,91.9,0,B,1,5,7,176.4,97.19
6,4.5,0.856,124,106,1,0.869,51.1,0,B,0,26,6,131.1,83.59
0,3.5,0.727,75,54,1,0.697,69.4,4,A,0,2,3,133.2,54.89
3,3.7,0.866,97,84,0,0.724,90.8,1,C,1,33,4,111.1,57.49
7,4.2,0.825,147,121,1,0.884,71,0,B,0,25,6,131.5,80.17
0,3.2,0.87,49,42,1,0.817,50.1,3,B,1,25,1,108.7,48.61
5,4,0.876,105,91,0,0.807,67.8,1,B,0,30,3,93.4,60.47
3,2.5,0.791,128,101,1,0.73,51.3,0,A,1,4,2,120.2,65.54
6,3.8,0.917,135,123,1,0.855,76.7,1,C,0,19,4,116.9,83.32
0,3.3,0.78,74,57,0,0.732,64.1,3,A,0,27,2,118.6,34.16
9,3.8,0.892,204,181,0,0.88,82.3,1,C,1,24,6,192.9,68.97
11,4.7,0.896,204,182,1,0.989,79.9,0,C,0,25,9,162.8,95.98
11,4.4,0.836,274,229,0,1,83.9,0,B,1,29,8,141.9,76.84
7,4.7,0.906,167,151,0,0.891,80.9,0,A,1,31,7,80.1,79.16
1,3.9,0.712,71,50,0,0.691,52.1,2,B,1,35,3,94.8,43.31
7,3.8,0.836,182,152,0,0.875,79.7,0,B,0,28,5,72,80.39
0,3.1,0.802,37,29,1,0.774,82.4,2,A,0,4,0,77.4,48.78
0,3.2,0.755,26,19,0,0.709,53.5,4,A,0,28,1,63.2,27.67
3,3.4,0.829,63,52,1,0.803,73.2,1,C,1,31,1,120.7,68.69
4,3.8,0.774,94,72,1,0.815,86.5,0,C,0,23,4,111.6,83.01
8,3.8,0.872,186,162,1,0.838,63.1,1,C,1,14,6,127,86.2
6,3.5,0.87,149,129,1,0.868,83.6,1,B,1,28,5,153.5,78.65
4,3.9,0.787,140,110,1,0.717,68.3,1,B,1,14,5,79.3,74.91
2,3.7,0.892,50,44,0,0.746,80.1,0,A,0,1,4,112.9,51.05
11,4.2,0.898,244,219,1,1,71.6,0,B,1,32,8,229.9,86.66
4,4,0.903,124,111,1,0.862,70.9,2,C,0,18,3,141,75
4,3.4,0.826,120,99,1,0.782,52.8,1,C,1,5,5,99.8,74.08
1,3.4,0.715,38,27,1,0.793,71.7,2,C,1,15,3,57.5,51.18
8,4.5,0.832,202,168,1,0.805,82.4,0,B,0,16,5,172,88.68
7,4,0.884,165,145,1,0.857,82,1,C,1,30,7,99.3,80.9
2,3.6,0.859,68,58,1,0.783,73.9,1,C,1,23,2,96.2,65.69
1,3.1,0.882,24,21,1,0.617,65.4,4,A,0,11,0,109.7,51.05
6,3.8,0.868,125,108,0,0.837,56.3,0,B,0,25,4,97.7,68.01
6,3.8,0.803,153,122,1,0.769,85.9,2,B,1,2,3,96.1,78.68
2,3.1,0.821,99,81,1,0.703,67.5,0,A,1,35,4,56.5,69.16
11,4.4,0.889,271,240,1,0.928,86.2,0,C,1,24,6,215.8,92.56
1,2.7,0.813,75,60,0,0.646,64.3,1,A,0,13,1,139,43.75
4,3.5,0.787,121,95,0,0.743,94.5,1,B,0,30,2,162.5,60.81
10,4.3,0.812,204,165,1,0.81,73.2,1,C,1,11,8,214.5,91.82
4,3.6,0.9,100,90,1,0.824,63.7,2,B,1,23,3,93,71.9
6,3.8,0.85,173,147,1,0.844,55.3,1,A,0,28,4,73.6,80.28
3,3.5,0.823,116,95,1,0.759,70.9,2,C,1,29,1,155.1,63.25
2,3.6,0.857,67,57,1,0.818,90.3,1,A,1,15,4,123.9,64.25
11,4.8,1,228,228,1,0.96,83,0,C,1,3,9,193.5,97.92
3,3.3,0.857,65,55,1,0.785,72.2,1,C,0,9,2,72.8,65.34
9,3.8,0.908,208,188,1,0.866,90.2,1,B,0,8,6,154.9,93.63
2,3,0.83,87,72,0,0.645,69.9,1,C,0,33,1,100.8,46.82
2,3.2,0.793,93,73,1,0.742,82.4,0,B,0,34,2,94.1,65.45
0,3.1,0.782,63,49,0,0.696,81.2,1,B,0,9,1,54.5,43.8
6,3.6,0.869,150,130,1,0.93,66.9,2,C,1,17,6,71,79.81
3,3,0.782,127,99,1,0.798,52.3,1,B,1,1,2,81.4,67.32
9,4.1,0.904,219,197,1,0.889,86.8,0,B,1,5,5,65.9,92.07
4,3.7,0.853,91,77,1,0.811,74.9,3,C,1,30,3,99.6,68.3
11,4.7,0.956,228,217,1,1,68.9,0,C,1,11,7,149.6,100
2,3.2,0.829,88,72,0,0.786,59.9,0,A,0,28,2,61,46.66
9,4.1,0.836,185,154,1,0.973,70.3,1,C,1,17,7,164,86.73
8,3.8,0.951,157,149,1,0.866,78.8,0,C,1,23,5,133.7,89.4
8,4.1,0.946,212,200,1,0.953,89,1,C,1,18,4,135.9,91.69
9,3.9,0.898,220,197,0,0.887,91.1,1,A,0,27,8,193.7,75.69
7,4.3,0.898,181,162,1,0.881,85,0,B,1,25,7,126.4,89.65
6,3.2,0.851,151,128,1,0.812,70.5,0,A,1,5,5,141.6,84.34
1,3.2,0.831,26,21,0,0.735,93.1,2,B,1,19,0,55.5,36.58
0,3.3,0.739,7,5,1,0.707,65.4,4,C,0,27,3,87.7,52.99
10,4.5,0.983,248,243,1,0.981,75.3,0,A,0,13,9,156.9,93.86
6,5,0.897,141,126,0,0.856,57.6,0,B,1,7,4,130.8,68.77
8,4.3,0.925,159,147,1,0.774,72.8,1,C,0,26,5,107.3,89.8
4,3.3,0.829,134,111,1,0.793,76.3,1,A,1,14,3,78.1,68.07
1,3.3,0.723,97,70,0,0.784,47.5,2,A,1,27,2,77.6,40.72
1,2.6,0.838,49,41,1,0.74,55.1,1,B,1,8,1,127.9,55.96
6,3.9,0.793,133,105,1,0.897,68.4,1,C,0,31,3,84.8,80.36
4,3.3,0.879,115,101,0,0.805,61.7,1,C,0,35,4,162.4,60.59
2,3.8,0.769,86,66,1,0.663,57.7,0,C,0,27,4,74.8,62.77
4,3.5,0.755,142,107,1,0.753,84.5,2,B,1,4,5,114.5,67.58
0,3.2,0.78,40,31,1,0.681,45.2,4,C,0,4,0,110.1,59.45
5,3.5,0.907,169,153,0,0.827,74.6,0,A,1,18,3,109.3,63.59
2,4.1,0.759,105,79,1,0.68,74.2,3,A,1,23,4,88.7,57.34
8,4,0.969,211,204,1,0.911,71.2,3,B,0,32,4,187.4,80.02
3,4.3,0.854,93,79,0,0.769,66.8,2,A,1,12,1,136.9,52.57
4,4,0.842,107,90,1,0.865,70.5,1,B,0,20,2,133,74.32
0,3.4,0.758,32,24,1,0.642,72.6,3,B,0,12,1,75.6,52.44
0,3.3,0.762,5,3,1,0.716,83.4,1,B,1,8,3,77.7,58.22
3,3.7,0.842,83,69,1,0.803,54.1,4,B,0,22,1,71.8,60.68
4,2.9,0.877,119,104,0,0.85,60,3,C,1,27,2,103.5,49.35
6,3.8,0.832,179,148,1,0.816,63.6,1,C,0,17,4,130,80.38
2,3.8,0.767,103,79,0,0.753,67.8,3,A,0,32,4,95,44.09
7,4,0.865,181,156,1,0.879,70.7,1,B,0,33,6,144.9,87.92
9,3.7,0.972,168,163,1,0.848,86.5,0,B,1,31,8,185.3,97.84
8,4.1,0.828,212,175,1,0.852,69.1,0,A,0,6,7,98.7,90.87
0,3.9,0.837,78,65,1,0.724,54.3,3,B,0,9,3,61,58.13
4,4.2,0.837,145,121,1,0.803,61.8,0,A,1,32,3,146.3,75.74
1,3.3,0.711,31,22,1,0.71,67.9,1,A,0,16,3,162,57.09
2,3.8,0.784,42,32,1,0.768,79.6,3,A,1,12,3,63.8,55.32
11,4.4,0.96,236,226,0,1,81,0,C,1,3,6,149.2,76.99
1,2.6,0.884,82,72,0,0.729,59.8,4,A,1,27,3,48.7,34.3
4,3.3,0.768,137,105,1,0.797,58.6,1,C,1,27,3,50.9,73.21
6,4.5,0.721,143,103,0,0.865,91.5,1,A,0,9,6,136.2,72.07
7,3.9,0.81,140,113,1,0.755,54.4,0,C,1,17,7,153.8,88.94
5,3.7,0.905,130,117,0,0.851,70.3,2,C,1,5,5,111,62.52
0,3.1,0.69,53,36,0,0.598,73.9,3,B,0,26,2,71.3,31.03
3,4.3,0.896,128,114,1,0.908,67.1,2,C,1,21,2,100.7,72.29
5,4.4,0.909,143,129,1,0.865,65.7,1,C,1,1,4,102.9,79.21
1,4.2,0.803,25,20,1,0.753,72.9,5,C,0,1,1,86.7,59.24
3,3.5,0.79,132,104,1,0.673,56.4,0,C,1,35,2,145.6,72.93
0,3.3,0.783,9,7,1,0.685,44.1,2,A,0,9,1,55.2,47.13
0,2.6,0.811,65,52,0,0.693,69.2,5,B,0,23,0,71.5,30.19
3,4.1,0.844,84,70,0,0.871,57.6,2,C,1,4,1,100.2,49.76
1,2.9,0.881,94,82,1,0.794,68.1,2,A,0,19,1,71,58.24
5,3.9,0.835,99,82,1,0.734,71,2,C,1,5,4,122,74.05
6,3.5,0.797,127,101,1,0.847,77.1,0,C,0,28,3,53,79.87
8,3.9,0.815,164,133,1,0.79,74.3,0,B,1,23,6,161.2,83.87
2,3.1,0.723,41,29,0,0.647,74.6,2,B,0,23,1,66.8,37.1
1,3.1,0.803,38,30,0,0.757,58.1,3,C,1,18,1,62.8,34.71
1,3.1,0.782,59,46,1,0.765,75.9,4,B,1,29,2,83,55.01
6,3.7,0.863,115,99,1,0.866,59.4,1,A,1,28,4,86.3,76.72
7,4.4,0.849,182,154,0,0.951,89.6,2,C,0,9,7,175.9,70.94
0,2.8,0.724,51,36,0,0.711,89.6,5,C,0,10,2,55.3,30.95
10,4.5,0.947,197,186,0,0.949,81.3,0,C,1,2,7,239,79.61
0,3.7,0.657,59,38,1,0.611,83.8,2,A,0,13,0,98.9,54.03
5,3.6,0.808,115,92,1,0.851,94.4,2,A,0,27,4,103,69.3
7,3.7,0.915,196,179,1,0.794,71.6,1,C,1,20,4,126.8,75.11
9,4.2,0.858,220,188,1,0.997,79.1,0,A,1,10,7,156.5,88.57
7,4.5,0.895,157,140,1,0.914,65.7,0,C,1,16,4,187,90.6
8,4.2,0.849,186,157,1,1,68,0,A,0,15,6,172.5,88.11
3,3.3,0.798,116,92,0,0.788,72.3,1,A,0,13,2,130.3,51.14
8,4.3,0.918,210,192,1,0.942,57.4,0,B,1,20,4,134.8,92.76
1,2.9,0.73,68,49,0,0.698,76.5,0,A,0,24,2,71,45.63
9,4.5,0.94,177,166,1,0.918,80.5,0,C,1,7,7,171.1,97.65
5,4,0.85,166,141,1,0.768,80.7,1,B,1,23,5,160,79.94
8,4,0.952,156,148,1,0.834,74.8,1,B,1,24,7,139.9,85.41
4,3.3,0.845,147,124,1,0.811,79.1,1,B,1,29,4,91.5,77.24
6,3.6,0.808,176,142,0,0.824,77,0,C,1,5,4,97,64.01
5,4,0.935,115,107,1,0.793,78.6,1,C,0,35,4,69.8,76.68
7,4.5,0.826,202,166,1,0.805,86.3,0,A,1,1,5,122.6,88.76
1,3.1,0.782,85,66,0,0.729,51.3,3,A,0,18,2,80.4,40.58
0,3.4,0.828,68,56,0,0.669,56.6,2,B,0,6,1,79.4,44.67
2,2.6,0.713,60,42,1,0.743,95.8,3,C,1,23,3,112.2,50.72
1,3.1,0.866,30,25,1,0.7,69,2,A,0,10,2,73.9,56.41
9,4.3,0.845,224,189,1,0.905,57.9,0,B,0,7,7,205.9,90.34
2,3.1,0.785,86,67,1,0.689,47.5,1,C,0,8,4,61.8,68.09
11,4.1,0.944,233,219,1,0.901,80.6,1,C,0,13,6,188.5,90.99
3,3.3,0.819,67,54,0,0.657,63.2,2,B,0,30,2,67.4,50.1
2,3.6,0.847,55,46,0,0.757,58.3,2,A,0,18,4,70.5,43.72
8,4.1,0.809,174,140,1,0.936,98.5,2,B,1,14,5,152.4,83.4
6,3,0.898,122,109,0,0.923,69.6,1,B,0,11,6,159.3,65.66
4,2.8,0.875,105,91,1,0.826,80.9,2,A,0,13,2,103.6,71.74
5,3.5,0.9,130,117,1,0.736,75.5,1,C,1,33,3,122.5,78.2
7,4.2,0.796,167,132,1,0.883,72,1,A,1,13,4,173.9,88.75
2,2.3,0.734,111,81,0,0.743,54.3,3,B,1,25,1,59.3,42.77
11,4.3,0.913,225,205,1,0.929,90.7,0,C,1,24,8,191.1,95.33
11,4.3,0.862,243,209,0,0.994,53.4,0,B,1,29,7,147.3,77.43
6,4.5,0.772,140,108,1,0.846,84.4,2,C,1,6,4,135.3,77
2,3.3,0.788,88,69,1,0.846,69.8,1,B,0,18,2,112.2,57.54
6,4.1,0.874,150,131,1,0.776,81.4,2,C,0,28,5,92.7,79.37
0,3.3,0.92,35,32,0,0.685,65.1,2,A,0,5,1,57.6,42
0,2.3,0.807,18,14,0,0.659,50.2,2,A,0,18,0,100,22.86
2,3.7,0.895,113,101,1,0.766,72.8,1,A,0,7,2,88.2,66.11
4,3.8,0.832,105,87,0,0.877,81.2,2,A,1,9,3,90.6,53.94
9,4.5,0.931,217,202,0,0.887,72.8,0,B,0,35,8,157.8,77.55
7,5,0.868,179,155,1,0.833,83.4,0,C,1,12,6,103.6,91.83
7,3.2,1,173,173,1,0.923,79.1,1,B,1,24,4,100.5,86.26
4,4.4,0.8,148,118,0,0.83,76.4,1,C,1,9,2,40.3,57.46
3,3.4,0.793,63,49,1,0.656,59.2,3,B,1,12,1,114.8,60.03
3,3.7,0.861,100,86,1,0.84,84.9,1,B,1,9,2,105,66.82
11,4.5,0.94,209,196,1,0.924,85.1,0,B,0,22,6,184.2,95.78
0,3,0.759,46,34,0,0.698,75,1,A,0,17,0,116.7,35.97
9,4,0.951,202,192,1,0.995,73.8,0,C,1,33,8,144.8,88.76
5,3.9,0.846,121,102,0,0.809,84.3,2,A,0,24,4,117.9,58.25
4,3.1,0.832,134,111,0,0.721,65.9,3,C,1,15,5,122.3,48.97
7,4.3,0.887,176,156,1,0.795,64.8,1,C,1,29,6,118.9,85.7
4,3.5,0.748,142,106,1,0.771,92.3,1,C,1,32,3,68.3,72.65
9,3.8,0.823,191,157,1,0.869,50,1,C,0,33,8,117.5,89.42
10,4.2,0.971,257,249,1,0.951,110,0,B,1,29,8,158.8,91.81
4,4.2,0.801,103,82,0,0.768,79.4,0,B,1,15,5,142,66.35
2,3.2,0.801,41,32,1,0.814,64.2,3,A,1,27,3,143,55.81
5,3.9,0.929,168,156,0,0.846,76.4,1,B,0,34,3,111.5,66.88
10,4.1,0.912,226,206,1,0.842,88.4,0,A,1,4,6,165,91.12
2,3.7,0.797,92,73,1,0.791,64,3,B,1,18,2,152.1,60.23
6,4.2,0.907,137,124,1,0.952,98.4,0,A,1,21,6,143.5,88.59
6,4.6,0.832,166,138,1,0.841,91.7,1,C,1,8,6,132.1,85.75
7,4,0.936,197,184,1,0.895,108.2,1,C,1,6,6,142.3,85.37
1,3.6,0.837,28,23,0,0.705,51.8,1,C,1,20,1,105.5,46.46
7,4.1,0.967,188,181,0,0.88,78.1,0,A,0,2,4,99.4,71.46
10,4.9,0.882,254,224,1,0.947,63.4,0,C,1,22,9,182.8,97.42
1,3,0.862,75,64,0,0.808,53.4,3,A,1,21,2,101.2,42.45
2,3.7,0.835,106,88,1,0.784,64.1,1,B,1,6,1,128.6,70.66
11,4.4,0.864,260,224,1,1,77.8,0,C,1,32,6,182.8,95.03
2,3.4,0.677,42,28,1,0.719,72.4,3,C,0,6,1,126.6,53.37
9,4.3,0.863,188,162,1,0.841,77.2,0,B,1,13,7,124.3,91.75
4,3.8,0.849,113,95,0,0.748,80.6,0,C,0,1,4,94.1,62.36
2,3.4,0.829,60,49,1,0.822,71.8,0,B,1,22,1,100.6,70.05
9,4.3,0.9,190,171,1,0.959,98.3,0,C,0,24,7,129.5,94.49
4,4.3,0.832,141,117,1,0.715,80.9,0,B,1,30,2,137.7,79.86
5,4.2,0.842,159,133,0,0.808,58.4,0,C,1,22,3,77.5,64.92
3,3.9,0.872,59,51,1,0.782,67.8,3,C,1,12,1,99.2,59.97
5,3.6,0.776,97,75,0,0.761,71.6,2,A,1,26,5,103,53.21
1,3,0.807,68,54,1,0.665,71.8,6,A,1,4,1,65.7,56.56
3,3.9,0.78,113,88,0,0.725,82.4,2,A,1,19,2,62.9,49.72
11,4.9,0.885,277,245,1,0.893,84.9,0,C,1,16,8,169.3,100
2,4,0.866,104,90,0,0.702,74.9,1,C,0,12,4,93.5,53.59
6,3.7,0.813,157,127,0,0.869,60.4,0,C,0,33,5,185.1,67.67
3,3.5,0.814,84,68,0,0.788,64,2,C,1,21,4,178.6,51.67
8,3.5,0.987,213,210,1,0.893,54.1,1,B,1,9,4,112,87.65
1,3.2,0.836,46,38,0,0.64,71.8,1,A,1,8,3,30.9,40.06
11,4.9,0.907,276,250,1,0.932,91.6,1,B,1,20,6,132,92.96
4,3.5,0.816,111,90,1,0.819,55.2,1,C,1,10,3,110.1,73.32
2,3.7,0.746,64,47,1,0.698,69.9,1,A,0,32,1,129.8,59.82
0,3.1,0.845,32,27,1,0.671,63.8,3,A,1,28,3,65.6,55.1
1,3.4,0.844,38,32,0,0.74,86.8,1,B,0,10,1,105.3,38.87
5,3.3,0.883,153,135,0,0.848,61.8,4,A,1,8,4,96,52.75
3,3.6,0.861,112,96,0,0.688,80.5,3,A,0,33,3,89.4,51.93
8,2.9,0.85,164,139,1,0.943,90.7,1,A,1,13,7,149,84.08
4,3.6,0.757,91,68,1,0.712,68.7,1,C,1,35,5,111.7,66.47
2,2.8,0.835,51,42,0,0.741,71.5,0,A,0,29,3,94.9,47.49
6,4.4,0.906,177,160,0,0.915,86.9,0,C,0,5,5,95.5,75.61
7,4.3,0.956,198,189,1,0.895,62.3,2,A,1,3,5,172.8,80.97
1,3.5,0.784,65,50,1,0.783,61.4,1,C,1,6,2,124.5,63.03
1,3.9,0.776,91,70,1,0.804,68.7,1,B,1,16,1,125.1,64.04
0,2.8,0.768,17,13,1,0.632,89.8,1,C,1,35,3,59.7,49.35
7,4.7,0.909,140,127,1,0.92,70.7,0,C,1,18,6,139.6,92.03
6,4.3,0.848,187,158,0,0.905,70.8,0,C,1,11,6,112.3,72.34
4,3.6,0.832,117,97,1,0.779,89.6,0,C,0,23,3,82.8,76.74
9,4.7,0.944,216,203,1,0.907,86.5,0,C,1,11,5,160.5,91.15
8,3.7,0.858,219,187,1,0.782,103.2,0,C,1,29,4,80.3,89.58
5,3.5,0.918,153,140,1,0.88,85.6,0,B,1,27,6,145.4,83.79
9,4,0.934,205,191,1,0.792,76.7,0,C,1,9,6,117.1,93.91
2,3.2,0.714,43,30,0,0.774,64.5,0,C,0,35,2,86.6,39.98
1,2.9,0.768,29,22,0,0.653,56.6,0,A,1,9,0,20,44.54
2,3.9,0.706,89,62,0,0.793,52.3,0,B,1,18,2,150.2,50.39
0,3.1,0.77,30,23,0,0.726,69.1,4,C,0,21,1,99.7,34.52
5,3.9,0.823,127,104,1,0.863,80,0,C,0,1,6,122.6,76.35
10,4.2,0.958,232,222,1,0.904,89,0,C,0,27,6,139.4,89.85
0,2.5,0.736,6,4,0,0.629,63.5,4,A,1,29,1,48,29.8
1,3.4,0.813,93,75,1,0.649,89.7,1,A,1,19,3,82,63.18
4,2.9,0.863,108,93,0,0.861,54.7,1,B,1,24,4,121.1,52.97
10,4.4,0.929,188,174,1,0.969,62.3,1,B,0,1,6,153.1,93.94
3,3,0.878,78,68,0,0.828,59.7,1,B,0,23,4,119.9,49.67
4,4.5,0.938,112,105,1,0.844,71.1,1,B,0,13,4,167.7,78.97
0,3.6,0.786,36,28,1,0.738,51.8,1,A,0,30,1,47.8,51.32
1,3.4,0.814,50,40,0,0.723,82.7,0,A,0,11,1,95.1,47.21
11,5,0.886,203,179,0,0.959,72.6,0,B,1,7,8,220.2,84.84
11,4.2,0.879,262,230,1,0.896,70.5,0,C,1,35,9,158.7,94.36
0,3.4,0.832,60,49,0,0.707,77.7,3,A,0,11,1,75.8,34.82
11,4.6,0.975,237,231,1,1,84,0,B,1,21,7,181.8,95.22
6,4,0.81,142,115,1,0.829,83.4,1,B,0,3,6,148.3,77.56
9,4.8,0.837,220,184,1,0.791,77.9,0,A,1,30,8,183.5,96.51
4,4,0.802,112,89,1,0.768,74.3,0,C,0,24,4,115.3,76.02
5,3.9,0.841,149,125,1,0.765,55.3,1,B,1,3,4,96.2,80.28
4,3,0.814,134,109,1,0.8,69.2,0,C,1,33,5,128.8,73.87
6,3.5,0.87,177,153,1,0.801,61.4,0,B,0,22,3,99,78.86
1,3.3,0.839,91,76,0,0.734,90,0,C,0,31,2,98,46.85
0,3.2,0.803,55,44,0,0.679,80.5,3,A,0,12,2,82.3,37.5
3,3.1,0.848,80,67,0,0.794,61.7,2,A,0,14,3,105.6,54.3
7,5,0.753,183,137,1,0.797,73,0,C,1,12,6,133.5,88.48
2,4,0.727,76,55,0,0.747,66.1,2,A,0,27,1,126.1,49.14
6,4.1,0.822,180,147,0,0.928,99.8,1,C,0,13,5,146.5,70.37
11,4.5,0.898,238,213,0,0.887,86.3,1,B,1,24,8,188.8,74.94
1,3.2,0.836,74,61,0,0.78,61.4,0,B,0,9,3,74.1,52.26
6,3.5,0.818,165,134,1,0.707,75.8,2,C,1,8,4,78.7,78.87
4,3.7,0.868,126,109,0,0.796,52.6,1,C,1,15,4,100.1,53.59
9,4.4,0.863,207,178,0,0.909,77.6,0,B,1,7,8,165.1,80.53
1,2.8,0.734,40,29,1,0.676,53.5,0,A,1,24,3,89,60.45
7,4.2,0.818,152,124,1,0.758,53.3,0,C,1,16,5,123,82.74
8,4.1,1,214,214,0,0.919,100.8,0,C,0,24,7,150.6,73.98
10,3.6,0.876,205,179,1,0.996,79.7,0,A,1,7,9,152,92.24
6,3.6,0.896,156,139,1,0.846,64.7,0,C,1,28,5,129.5,87.29
4,3.5,0.757,123,93,1,0.803,50.6,2,A,1,2,4,52.3,67.18
6,4.7,0.933,151,140,1,0.92,71.3,0,C,0,34,6,151,83.53
9,4.5,0.92,195,179,1,1,76.7,0,B,1,3,5,170.4,92.77
5,3.3,0.862,148,127,1,0.772,81.7,2,B,1,1,4,183.4,72.31
0,3.4,0.801,21,16,1,0.668,53.6,3,B,1,31,3,58.6,44
10,3.8,0.943,244,230,1,0.925,73.6,0,C,1,23,9,144.9,90.21
6,4.3,0.902,143,128,1,0.885,62.9,0,C,1,20,3,133.2,86.25
6,3.7,0.832,185,153,1,0.718,71.4,0,B,1,16,4,127,86.7
2,3.4,0.774,89,68,1,0.776,44.1,0,B,0,32,4,143.4,67.77
6,4.4,0.864,114,98,1,0.851,64.3,0,C,1,17,6,115.8,88.68
3,3,0.855,106,90,1,0.759,77.1,1,C,1,18,3,99.4,64.5
6,3.4,0.858,126,108,1,0.863,59.3,2,C,1,4,6,111.1,78.2
1,3.1,0.832,81,67,0,0.787,78.5,2,B,0,35,0,133.7,40.76
6,4.3,0.893,170,151,1,0.903,84.5,2,B,1,23,6,142.6,82.85
11,3.9,0.919,260,238,1,0.951,93,0,C,0,15,7,215.1,93.45
0,2.1,0.693,55,38,1,0.699,64.9,2,A,0,13,1,167.5,49.4
11,4.3,0.905,204,184,1,0.961,80.4,0,C,1,14,6,145.1,92.78
3,3.8,0.908,99,89,1,0.864,73.3,1,C,1,14,4,136.3,71.67
9,4.7,0.92,182,167,1,0.934,94.3,0,A,1,5,8,144.3,99.47
8,4,0.857,152,130,1,0.91,91.8,0,B,1,22,7,123.4,92.59
5,3.6,0.861,106,91,1,0.869,52.6,1,B,0,28,6,76,79.01
7,4.5,0.909,159,144,0,0.973,65,0,B,1,4,7,199.9,77.08
9,3.5,0.871,173,150,1,0.871,65.9,1,C,1,29,6,182.1,88.74
3,3.4,0.883,72,63,0,0.876,78.2,2,C,1,35,3,97.2,46.51
3,3.6,0.846,70,59,0,0.907,61.3,1,A,1,20,2,122.7,55.8
6,4.1,0.807,117,94,0,0.8,71.6,0,B,1,35,5,73.7,69.64
8,3.9,0.932,180,167,1,0.889,97.5,1,B,1,35,5,141.2,84.21
7,4,0.855,204,174,1,0.837,89,1,A,1,20,4,113.1,81.53
8,3.2,0.88,191,168,1,0.917,93.5,0,C,1,2,7,187.4,84.87
4,3.4,0.784,145,113,1,0.69,62.4,2,B,0,18,4,157.4,70.74
8,4.3,0.921,193,177,1,0.872,43.7,1,C,0,30,5,170.7,80.75
1,2.9,0.786,31,24,1,0.715,61.8,0,A,1,29,2,116.4,57.59
5,3.8,0.882,143,126,1,0.812,55.2,1,B,1,22,6,100.5,76.58
0,3.4,0.752,37,27,0,0.682,41.7,6,A,0,29,0,101.5,29.93
3,3.4,0.788,76,59,0,0.741,83,0,A,1,10,4,62.6,48.38
3,3.6,0.784,67,52,1,0.804,58.8,1,C,1,20,2,58.6,63.15
3,3.2,0.841,120,100,1,0.809,59.8,2,A,0,16,2,100.8,71.12
7,3.9,0.841,187,157,1,0.94,71.1,1,A,0,6,6,151.9,83.41
3,3.8,0.811,87,70,1,0.812,89.3,0,C,1,17,1,121.9,71.78
4,3.7,0.809,101,81,0,0.736,69.1,0,C,1,6,2,74.3,55.7
2,3.2,0.829,55,45,0,0.752,79.4,1,A,0,22,2,49.5,49.37
3,3.6,0.734,64,46,0,0.736,65.7,2,C,1,18,3,90.5,49.13
2,3.7,0.82,82,67,0,0.77,49,0,A,0,32,4,69.7,52.16
0,2.4,0.867,33,28,0,0.79,50.7,1,B,0,28,3,98.4,38.47
6,4.4,0.924,116,107,0,0.871,74,1,A,1,10,4,97.6,70.49
6,3.8,0.831,169,140,1,0.843,75.3,3,C,1,22,4,186.3,72.18
6,4.1,0.887,161,142,1,0.851,80.5,0,B,1,28,6,138.9,82.52
4,4.2,0.85,120,102,1,0.843,77.5,1,A,1,15,5,107.6,80.38
3,3,0.894,133,118,1,0.769,80.3,4,B,1,29,4,69.6,69.09
9,4,0.777,180,139,0,0.799,69.3,0,C,1,7,7,112.4,74.6
5,3.7,0.904,97,87,1,0.869,94.4,0,C,1,34,3,110.4,80.46
4,3.4,0.821,138,113,0,0.813,94,1,C,1,32,3,94.6,60.42
0,3.9,0.743,68,50,1,0.764,58.8,3,B,0,2,1,28,53.27
3,3.2,0.782,103,80,1,0.643,60,1,B,1,26,3,145.1,65.07
3,3.3,0.756,116,87,0,0.751,48.1,1,B,0,11,4,70.8,55.21
3,3.6,0.79,78,61,1,0.772,71.6,2,C,0,25,3,114.6,70.8
5,3.3,0.794,152,120,1,0.729,77.9,1,B,1,19,6,133.3,77.3
5,3.6,0.857,151,129,1,0.819,65.5,1,B,1,20,4,71.4,77.77
6,4,0.891,180,160,1,0.911,77.4,0,C,1,33,3,116.5,81.56
7,3.9,0.863,182,157,0,0.965,58.8,3,C,1,17,6,93.7,65.65
8,4.1,0.964,185,178,1,0.959,88.6,1,C,0,30,7,156.2,92.09
7,3.8,0.848,138,117,0,0.84,69.1,1,B,1,18,5,137.9,70.05
11,3.9,0.915,246,225,1,1,85,0,C,1,32,6,165.7,88.75
0,3.3,0.756,9,6,0,0.747,67.5,1,C,1,4,2,55.4,42.37
2,4.1,0.837,109,91,0,0.738,44.5,1,C,0,32,3,131.4,57.46
0,3.2,0.815,35,28,0,0.69,75,2,C,0,19,1,68.7,36.23
6,4,0.887,157,139,1,0.842,64.6,0,C,1,3,5,83.7,86.22
9,4.5,0.897,175,156,1,0.855,80.9,0,B,1,28,6,123.7,89.82
2,2.9,0.74,72,53,0,0.718,51.1,1,B,0,6,3,35.8,43.09
10,5,0.9,217,195,1,0.951,74.2,0,C,1,17,6,140.4,96.2
0,3.3,0.854,71,60,1,0.783,69.4,2,A,0,5,0,52.7,53.79
10,5,0.967,214,206,0,0.928,67,0,B,1,19,8,180.8,83.82
3,3.3,0.836,87,72,0,0.85,57.2,1,C,1,35,2,121.2,50.33
1,4,0.774,25,19,1,0.758,68,0,C,0,22,3,94.4,65.12
4,4,0.834,133,110,1,0.833,69,2,C,1,24,4,140.4,72.92
2,3.7,0.788,70,55,1,0.702,72.2,2,C,1,10,4,60.6,56.64
2,3.5,0.867,49,42,1,0.862,63.6,2,A,0,2,2,105.5,61.37
3,3.5,0.779,84,65,1,0.791,77.2,4,C,0,28,4,60.9,62.48
8,4.6,0.935,150,140,0,0.884,70.2,0,A,0,17,6,129.7,73.35
5,3.8,0.822,156,128,1,0.787,79.7,0,C,0,6,3,130.2,74.57
3,2.8,0.887,61,54,0,0.78,58.6,2,A,0,5,2,88,47.06
6,3.5,0.883,158,139,1,0.798,66.7,3,B,0,7,3,177,77.75
7,4,0.838,198,165,1,0.903,84.3,1,C,1,32,4,125.6,85.08
2,3.6,0.792,65,51,1,0.703,61.8,4,A,1,4,1,120,58.22
4,3.7,0.87,127,110,1,0.823,56.9,1,C,1,21,4,104.1,72.38
1,3.8,0.769,35,26,0,0.701,87.3,2,A,1,32,1,92,37.27
2,2.7,0.808,84,67,1,0.787,67.6,2,A,0,18,4,85,61.86
6,4,0.836,147,122,1,0.875,79.7,0,B,0,33,3,133.3,82.8
2,2.7,0.895,95,85,1,0.748,40.9,0,B,0,14,4,147.8,69.79
5,4.1,0.945,103,97,1,0.848,88.5,0,A,0,6,4,166.3,86.9
7,4,0.949,132,125,0,0.815,107.3,1,B,1,11,5,121.4,69.45
1,3.5,0.787,83,65,1,0.814,81.4,0,B,1,20,3,81.1,65.73
5,3.4,0.828,135,111,1,0.868,89.1,3,A,0,29,6,121.5,73.57
2,3.9,0.768,84,64,0,0.672,63.1,2,B,0,35,1,115.3,43.41
11,4.9,1,266,266,1,0.932,84.5,0,C,1,16,9,223.6,95.73
4,3.9,0.881,107,94,1,0.805,76.9,0,B,1,7,5,150.6,81.05
8,4.1,0.938,195,182,1,0.904,68.6,1,B,0,31,6,136,88.65
5,4,0.836,96,80,1,0.782,71,2,C,0,6,3,132.1,71.58
0,2.9,0.692,73,50,1,0.625,53,2,B,1,29,0,86.8,46.24
6,4.3,0.785,170,133,1,0.839,69.3,1,C,0,27,4,109.8,77
11,5,0.933,246,229,1,1,91.6,0,C,1,2,9,198.4,97.31
6,4.3,0.836,186,155,0,0.838,52.8,1,A,1,22,5,52.6,64.3
8,3.9,0.857,204,174,1,0.863,88.4,1,C,1,9,5,174.2,87.33
9,4.4,0.92,209,192,1,0.895,59.6,0,C,0,11,7,164.4,100
2,2.9,0.858,74,63,1,0.714,68.6,1,C,0,16,1,41.8,62.88
2,3.7,0.772,70,54,0,0.709,69.7,1,B,0,13,4,64.7,52.52
6,4.1,0.797,183,145,1,0.88,80.9,0,C,1,18,5,66,85.1
4,2.9,0.801,146,116,0,0.684,68.8,1,A,1,25,3,162.9,48.92
8,3.7,0.837,203,169,1,0.875,64.5,2,C,1,33,4,114.3,82.23
10,4.3,0.946,251,237,0,0.942,82.2,0,B,1,10,8,187.3,77.32
3,3.4,0.821,71,58,0,0.782,95.6,3,C,1,30,3,132.4,43.67
2,3,0.901,43,38,0,0.818,67.8,3,B,0,1,2,92.4,42.36
8,4.3,0.926,174,161,1,0.901,66.4,0,A,0,33,6,124.1,93.36
2,3.5,0.898,97,87,0,0.758,62.4,4,C,0,15,1,111.4,46.25
8,4.1,0.819,172,140,1,0.833,78.8,0,C,0,29,6,150.5,91.31
4,3.4,0.672,129,86,1,0.814,67.8,3,C,1,2,5,140.1,67.01
6,4.3,0.874,182,159,0,0.898,69.1,0,B,1,11,6,92.8,72.83
1,4,0.8,65,52,0,0.877,82.4,6,C,0,34,1,118.7,42.11
6,3.7,0.856,172,147,1,0.827,80.2,0,B,1,19,6,168.4,87.06
4,3.4,0.839,134,112,1,0.768,69.6,1,B,0,2,5,104.3,72.28
5,4,0.792,143,113,1,0.826,71.2,2,B,0,20,5,91.3,73.78
1,3.2,0.822,64,52,0,0.761,68.6,4,B,1,31,0,73.5,37.2
7,4,0.912,196,178,1,0.908,82.2,0,C,1,4,4,116.8,89.73
9,4.6,0.843,177,149,1,0.934,93.9,0,B,0,29,7,146.6,94.32
2,2.7,0.79,58,45,1,0.78,63.1,3,B,1,30,4,73.9,53.14
1,3.8,0.779,74,57,0,0.781,54.6,4,B,0,13,2,101.7,45.16
0,3.2,0.746,50,37,0,0.759,58.3,3,C,0,15,3,99.1,32.75
6,3.7,0.804,156,125,1,0.887,63.5,2,C,1,20,6,117.2,80.32
6,3.9,0.862,134,115,1,0.73,55.7,1,B,0,34,6,69.4,81.22
5,3.8,0.861,147,126,0,0.836,89.4,0,B,0,28,3,133.3,64.3
2,2.7,0.777,99,76,1,0.698,78.3,1,B,0,20,2,51.7,62.09
3,4.2,0.766,88,67,0,0.812,42.1,1,C,0,25,1,111.5,53.07
5,3.8,0.869,102,88,1,0.712,75.1,0,A,0,27,6,122.2,79.74
4,3.8,0.796,133,105,0,0.86,66.5,0,C,0,30,4,102.1,68.57
11,4.9,0.915,275,251,1,0.906,75.5,0,B,1,20,8,187.3,98.14
1,2.9,0.772,42,32,0,0.67,40,3,A,1,1,3,98.9,35.42
7,4.2,0.938,155,145,1,0.901,75.2,1,A,0,35,5,147.6,84.88
3,3.4,0.785,77,60,0,0.746,70.4,1,C,0,24,1,128.6,53.1
4,4,0.921,81,74,0,0.913,56.9,2,C,0,25,2,99.6,55.8
7,3.2,0.913,205,187,1,0.944,95,1,A,1,12,7,123.2,89.15
7,4,0.966,202,195,1,0.867,85,0,C,0,11,7,168.3,92.11
11,4.3,0.963,229,220,1,1,68.7,0,B,1,30,7,187.3,89.41
1,3.5,0.783,62,48,0,0.701,78.8,2,B,0,13,0,73.9,43.91
1,3.5,0.748,48,35,0,0.69,60.9,2,B,1,25,1,27.9,33.02
7,3.7,0.858,157,134,1,0.895,88.2,1,B,1,25,4,147.8,81.56
5,3.5,0.923,156,143,1,0.916,55.2,1,A,0,17,4,134.6,80.96
2,3.4,0.805,90,72,0,0.731,70,4,C,0,12,2,59.6,39.02
0,2.8,0.813,46,37,1,0.701,50.4,2,B,0,11,1,54.5,57.27
1,3.7,0.804,51,41,1,0.749,56.5,2,A,0,10,2,75.8,61.32
9,4.1,0.915,205,187,1,0.868,55.3,1,C,1,17,7,165.6,86.35
2,2.3,0.822,100,82,0,0.836,53.2,1,C,0,16,3,170.5,51.62
3,3.4,0.846,99,83,0,0.738,54.6,1,B,1,20,1,137.5,46.66
2,3,0.767,73,55,1,0.71,51.6,2,B,1,5,2,50.7,55.62
3,2.9,0.807,74,59,1,0.86,71.8,3,B,1,32,4,90.9,55.78
0,2.7,0.795,27,21,0,0.724,43.8,3,B,0,27,3,77.2,26.27
5,3.8,0.856,101,86,0,0.92,76.1,1,C,0,4,3,135.1,61.72
0,3.7,0.757,30,22,1,0.691,77.1,3,C,0,7,0,55.6,50.63
8,4.3,0.91,160,145,1,1,66.3,0,B,1,14,7,161.5,94.06
2,3.2,0.769,112,86,0,0.773,67,2,B,1,24,2,80.6,46.79
5,4,0.787,99,77,1,0.764,68.5,4,A,1,18,5,137.5,71.23
9,4.1,0.917,235,215,1,0.875,73.6,2,B,1,1,5,154.3,83.39
6,3.6,0.802,161,129,1,0.752,43.3,3,C,1,17,3,189.4,71.49
5,3.3,0.862,120,103,0,0.757,59,1,C,1,26,3,149.4,51.16
3,2.9,0.723,63,45,1,0.713,87,5,A,1,22,4,143.4,60.27
3,3.4,0.785,80,62,1,0.715,73.4,2,C,1,18,3,72.3,63.67
6,4,0.845,125,105,0,0.709,71.1,0,B,0,28,4,112,67
11,4.5,0.85,230,195,1,0.972,57.3,0,C,1,21,7,177.8,95.2
6,3.7,0.843,145,122,1,0.876,81.1,1,A,1,33,6,91,82.84
5,3.4,0.907,117,106,0,0.853,61.6,1,C,0,30,3,151.4,59.95
7,4.3,0.812,148,120,1,0.789,60.7,1,C,1,8,7,139.9,85.56
4,3.1,0.817,106,86,0,0.875,57.4,2,B,0,30,5,145,58.4
0,3.5,0.865,30,25,0,0.726,71.1,1,B,1,9,1,94.5,39.69
5,3.4,0.795,110,87,1,0.763,71.6,1,C,1,33,5,121.3,78.09
11,4.2,1,241,241,1,0.987,91.9,0,C,1,29,7,164.3,92.53
1,2.7,0.78,55,42,1,0.736,80,1,B,1,31,3,64.9,49.97
7,3.8,0.881,156,137,1,0.741,66.6,1,C,1,3,7,111.1,85.11
2,3.8,0.872,88,76,0,0.771,67.5,1,B,0,11,1,122.7,51.01
5,4,0.824,159,131,0,0.819,68.9,1,A,1,5,3,140,59.26
1,3.7,0.825,60,49,1,0.722,50.2,2,A,0,31,3,125,58.24
4,3.9,0.879,78,68,1,0.745,56.4,0,C,1,20,3,95.6,73.12
7,3.6,0.843,136,114,0,0.791,73.5,1,A,0,4,4,169.7,72.94
3,3.4,0.783,104,81,0,0.79,68.8,0,C,1,8,3,98.7,58.61
6,3.6,0.85,162,137,1,0.877,73.3,1,B,1,35,5,145.4,76.5
8,4.7,0.879,186,163,0,0.862,76.4,0,C,1,13,7,182.7,76.44
10,3.9,0.862,202,174,1,0.935,70.2,0,B,1,5,8,222.1,94.73
2,3.8,0.775,67,51,1,0.721,93.5,2,C,0,19,3,128.2,65.09
3,3.9,0.648,99,64,1,0.681,72.3,2,C,1,18,1,110.1,61.22
1,4.1,0.777,94,73,0,0.737,59.6,2,C,1,33,0,104.8,43.35
11,4.3,0.975,276,269,0,0.91,86.3,0,B,1,4,7,205.5,79
10,4.7,0.833,201,167,1,1,69.8,0,C,1,18,6,181.3,94.16
5,4.7,0.825,156,128,0,0.742,72.8,0,B,1,24,4,108,69.45
9,4,1,195,195,1,0.953,83.3,0,C,1,29,5,170.4,93.85
5,3.2,0.847,152,128,1,0.828,79.1,1,A,0,31,6,159.1,72.41
6,3.2,0.93,182,169,0,0.866,58.9,0,C,1,28,4,182.4,65.04
1,3.6,0.743,44,32,0,0.79,102.8,5,C,0,9,3,89.9,33.66
7,3.3,0.898,136,122,1,0.737,89.7,0,B,1,26,5,102.5,83.05
1,3.2,0.735,48,35,0,0.734,90.9,5,A,1,2,2,34.6,33.72
8,4.3,0.909,187,169,1,0.879,73.9,1,A,1,6,5,167.9,87.5
8,4.2,0.931,160,148,1,0.929,80,0,B,0,29,5,98,94.4
7,4.2,0.906,144,130,1,0.877,75.9,1,C,1,26,5,145.6,86.8
0,3.3,0.763,26,19,0,0.7,58.4,1,C,0,28,1,112.3,38.42
3,4.1,0.835,109,91,0,0.72,78.6,0,A,1,7,2,99.1,59.08
2,3.1,0.821,63,51,1,0.724,57.4,3,B,1,34,3,51.1,60.41
3,3.3,0.854,106,90,0,0.942,77.9,1,B,0,10,2,66.2,53.47
1,3,0.787,93,73,1,0.759,60.5,3,A,1,22,3,60.4,55.99
10,4.7,0.963,234,225,1,0.998,84.8,0,C,1,27,7,156.3,95.56
5,4.2,0.92,107,98,1,0.824,90,1,A,1,22,4,156.1,78.93
3,3.7,0.805,68,54,1,0.728,67.9,0,B,0,19,4,104.4,75.88
3,4,0.823,113,92,0,0.815,78.9,2,A,0,9,1,168.6,50.4
4,3.2,0.789,85,67,1,0.689,64.9,1,C,0,19,2,143.2,61.57
6,4.6,0.879,164,144,1,0.815,59.8,1,A,1,2,5,136.9,85.48
5,4.4,0.866,96,83,0,0.808,92.4,0,C,1,28,4,117.9,63.83
10,4.7,0.919,209,192,1,0.98,89,0,C,1,22,7,145.1,87.74
4,4.4,0.841,89,74,1,0.821,69.4,0,B,1,6,2,116.5,78.5
11,3.8,1,253,253,1,0.951,89.9,0,C,1,7,7,184.3,93.64
9,4.1,0.758,224,169,1,0.884,66.3,0,B,0,6,7,161.6,93.38
2,3.1,0.782,74,57,0,0.731,73.3,2,C,1,33,4,81,42.37
10,4.7,0.899,219,196,1,0.98,82.6,0,B,0,14,7,129,89.27
1,2.9,0.866,25,21,0,0.765,74.3,1,B,0,1,3,143.9,40.19
8,4.4,0.913,207,188,1,0.981,96.7,2,A,1,25,6,163,82.32
3,4.1,0.846,128,108,0,0.769,86.9,0,A,0,6,1,114.7,64.4
9,4.5,0.966,214,206,0,0.99,61.8,0,B,1,28,7,167.2,82.37
9,4.4,0.894,230,205,1,0.911,54.6,0,A,1,18,7,185,96.65
8,3.8,0.922,167,153,1,0.862,79.9,1,C,0,27,6,130,89.09
8,3.8,0.863,215,185,1,1,79,0,A,1,2,6,140.1,86.83
3,4.1,0.768,131,100,1,0.825,55.9,1,C,1,21,4,81.4,71.31
1,3.6,0.883,27,23,1,0.77,55,2,C,1,23,2,87.8,59.58
3,3.5,0.839,125,104,0,0.82,60.3,0,A,0,2,3,83.7,53.94
1,3.2,0.826,33,27,0,0.687,82.5,1,B,0,16,2,57.8,43.45
7,3.2,0.821,198,162,1,0.796,69.8,0,B,0,4,6,87.4,86.1
3,3.1,0.846,127,107,1,0.839,51.5,2,C,1,34,4,153.7,73.54
11,5,1,203,203,1,0.975,80.7,0,C,1,5,8,158,100
6,3.4,0.848,175,148,1,0.831,74,0,A,1,34,3,142.6,81
8,4.2,0.826,177,146,1,0.854,64.6,1,B,1,22,6,146.9,87.55
1,3.7,0.803,34,27,1,0.742,73.6,1,B,1,20,2,102.9,60.63
9,3.8,0.851,207,176,1,0.881,92.1,1,C,1,13,6,91.9,88.79
10,4.5,0.838,186,155,1,0.807,75.7,1,C,1,34,7,145.9,82.09
4,4,0.798,113,90,1,0.858,53,1,A,0,6,3,146.8,75.51
6,3.9,0.837,157,131,1,0.83,70.7,5,C,0,29,5,186.3,67.75
7,5,0.826,178,147,1,0.942,79.1,0,C,0,33,4,125.1,82.83
1,2.7,0.86,46,39,0,0.663,40.6,0,A,0,1,0,80.5,43.69
4,4.1,0.929,98,91,1,0.738,76.8,1,C,0,7,3,144,77.73
3,3.5,0.852,69,58,0,0.771,65,1,B,0,22,2,117.2,47.55
1,3.6,0.813,80,65,1,0.786,67,2,B,0,32,2,88.9,62.42
3,3.7,0.814,104,84,1,0.713,66,1,B,0,14,1,102.1,72.88
0,2.9,0.735,33,24,1,0.633,56,4,C,0,24,0,62.9,47.69
0,3.3,0.86,39,33,0,0.752,63.7,0,A,0,19,1,61.8,43.12
1,2.6,0.79,37,29,0,0.715,60.4,0,C,0,27,0,92,41.21
11,4.7,0.907,262,237,1,0.974,77.2,0,B,1,23,7,177.5,94.76
5,3.9,0.899,136,122,0,0.821,61.9,0,B,1,21,4,131.1,66.63
11,4.8,0.926,245,226,1,0.972,87.9,0,C,0,29,9,147.4,92.68
4,4.1,0.883,150,132,1,0.881,85.8,4,C,1,1,5,152,73.02
3,3.7,0.8,107,85,0,0.709,59,0,B,1,31,3,55.4,55.73
4,3.7,0.885,140,123,0,0.872,69.6,0,B,0,27,3,127.9,63.06
4,3.3,0.884,108,95,1,0.728,57.9,4,A,1,27,4,95.8,69.15
1,3,0.86,86,73,0,0.782,71.2,5,A,0,15,3,62,39.17
6,4.4,0.826,114,94,1,0.903,76.7,0,C,0,25,3,118.3,83.33
2,4,0.803,64,51,0,0.726,61.1,2,B,1,15,4,48.3,47.63
6,3.8,0.959,178,170,0,0.904,73,0,B,1,19,6,138.6,76.64
6,3.9,0.849,150,127,0,0.814,84.4,0,C,1,11,6,176.4,69.99
1,3,0.834,53,44,0,0.773,47.2,3,B,1,33,0,68.7,38.9
0,3.7,0.895,30,26,1,0.631,49.5,1,A,0,23,3,150.5,60.23
8,4.4,0.797,177,141,0,0.868,84,1,B,1,12,5,118.2,75.56
4,4.4,0.821,143,117,1,0.814,71.7,1,C,1,2,3,99.3,71.38
0,2.8,0.78,29,22,0,0.776,64.2,2,C,1,21,3,120.8,35
11,4.3,0.84,250,210,0,0.973,92.8,0,C,1,14,8,132.1,79.84
0,3.3,0.757,69,52,0,0.694,73.5,4,A,1,34,2,73.2,35.77
7,4.3,0.827,183,151,1,0.864,96.1,1,C,0,15,4,187.6,79.85
11,4.4,0.973,269,261,1,0.895,92.2,0,C,1,21,6,132.6,90.06
2,3.1,0.721,58,41,1,0.81,74.3,5,A,1,23,2,113.7,52.03
1,3.7,0.888,31,27,0,0.794,65.9,3,B,1,21,1,103.3,41.45
1,3.6,0.828,60,49,0,0.649,64.8,0,C,1,14,3,30.3,48.86
3,3.2,0.768,79,60,0,0.772,69.5,3,B,0,21,3,85.5,49.7
1,3.9,0.845,87,73,0,0.763,69.2,3,A,0,12,1,159.4,44.59
7,4.5,0.905,151,136,1,0.835,61,2,C,0,5,6,142.7,86.42
0,3.3,0.778,31,24,1,0.713,68.2,1,A,1,2,0,91.5,50.04
4,3.7,0.798,146,116,1,0.743,68.1,1,A,1,22,2,119.1,71.69
11,4.7,0.957,246,235,1,0.892,85.8,0,C,1,6,9,229.3,100
8,3.8,0.895,176,157,1,0.858,70.1,1,B,1,2,7,114.8,89.57
6,3.9,0.827,157,129,1,0.841,66.1,2,B,1,29,4,107.6,75.78
3,2.7,0.754,75,56,0,0.802,72.3,1,B,1,7,3,100.7,49.53
6,4.3,0.819,152,124,1,0.833,79.7,1,C,1,16,4,144.7,85.05
5,3.2,0.823,97,79,1,0.86,65.3,3,C,0,33,4,124.6,69.51
4,4.3,0.893,142,126,1,0.848,86.8,0,A,1,33,4,117.5,82.04
1,3.2,0.837,68,56,1,0.693,82.2,4,B,0,14,1,71.4,57.48
9,4.2,0.88,196,172,1,0.935,59.5,0,C,1,12,8,170.2,93.28
4,3.4,0.814,145,118,1,0.825,61.7,0,B,1,6,4,55.2,77.06
2,3.3,0.857,49,41,0,0.856,69.4,1,B,0,12,3,79.6,46.89
3,4.1,0.834,69,57,1,0.8,73.9,0,A,0,31,2,79.4,68.82
4,2.7,0.847,145,122,0,0.74,96.6,1,C,0,12,4,79,55.18
8,4.7,0.854,214,182,1,0.849,78.7,0,C,0,10,7,90.6,89.37
7,4.2,0.869,161,139,1,0.77,74.1,1,B,1,27,7,143,86.27
7,3.5,0.876,163,142,1,0.891,61.8,1,C,0,7,4,148.9,80.66
0,2.8,0.775,43,33,0,0.79,46,0,A,0,33,0,93.1,39.49
4,4.3,0.871,122,106,0,0.689,69.4,0,B,1,27,2,140.2,63.83
4,3.3,0.873,113,98,1,0.894,95.7,1,A,1,8,2,145.5,69.56
0,2.7,0.734,64,46,1,0.72,62.5,0,A,0,5,1,20,56.7
2,3.9,0.782,71,55,1,0.692,58.7,3,C,0,8,1,114.9,53.13
7,4.2,0.841,141,118,1,0.867,80.9,1,C,1,21,4,141.5,86.12
1,2.9,0.863,24,20,0,0.7,42.4,0,A,0,24,0,93.1,43.72
5,3.9,0.961,121,116,1,0.876,73.5,3,B,1,7,3,116.3,77.65
2,3,0.784,42,32,0,0.75,77.9,0,B,1,19,2,79.5,47.3
0,3.6,0.772,25,19,1,0.723,53.6,1,B,0,31,0,95.8,51.67
2,3.9,0.849,98,83,1,0.72,84.4,0,A,1,27,3,66.6,68.29
11,4.7,0.895,207,185,1,0.905,89.4,0,C,1,29,9,201.1,92.51
8,4.3,0.932,200,186,0,0.925,93.5,0,B,1,23,6,129.1,80.39
11,5,0.929,247,229,1,0.929,65,0,C,1,20,7,106.8,100
4,3.7,0.747,96,71,0,0.779,68.8,0,B,1,6,3,115.4,58.34
1,2.8,0.729,83,60,1,0.735,77.6,1,C,1,12,1,52.7,53.85
5,4,0.831,132,109,1,0.804,54.5,0,B,1,12,6,84.1,80.9
4,4.5,0.896,96,86,1,0.874,82.4,0,C,0,3,2,132.5,83.08
9,3.9,0.858,191,163,1,0.887,76.3,0,A,0,35,6,180,90.28
1,3.2,0.767,24,18,0,0.713,77.8,1,C,0,19,0,84.7,39.66
4,3.8,0.845,108,91,0,0.77,73.6,3,B,0,4,3,51.6,53.8
1,3.3,0.71,48,34,1,0.758,83.4,4,B,0,31,3,103.9,46.85
3,3.2,0.836,128,107,0,0.745,54,4,A,0,33,3,94.4,47.82
7,4.5,0.798,171,136,1,0.904,79.4,0,A,1,6,6,177.3,88.21
4,4.6,0.863,143,123,1,0.815,52.9,1,C,1,8,5,171,78.32
3,3.6,0.78,59,46,0,0.898,74.5,2,B,1,28,1,58.9,48.59
3,3.2,0.774,109,84,0,0.729,73.4,2,B,1,15,2,178.2,54.21
4,3.1,0.848,81,68,1,0.866,67.6,1,A,1,31,4,65.3,69.49
8,4.2,0.929,161,149,1,0.925,67.6,0,B,1,8,7,127.8,94.99
9,4.7,0.922,185,170,1,0.89,74.6,0,C,0,6,5,182.8,93.73
11,4.7,0.94,214,201,1,0.983,82.7,0,C,1,29,8,146.4,94.97
8,4.1,0.9,196,176,1,0.914,80.4,1,B,1,34,7,119.6,91.91
3,3.3,0.84,83,69,1,0.765,92.7,0,B,0,7,2,52.8,70.67
6,3.5,0.884,169,149,0,0.871,84.5,0,C,1,10,6,87.9,71.01
4,4,0.815,111,90,0,0.85,64,1,C,0,13,2,87.6,62.89
2,3.8,0.84,45,37,1,0.789,75,0,A,0,22,3,119.2,67.44
9,3.6,0.863,188,162,1,0.877,89.1,1,C,0,21,6,202.4,86.59
0,3.8,0.835,61,50,0,0.702,57.1,2,A,0,1,0,57.2,43.83
10,4.6,0.955,231,220,1,0.939,88.4,0,C,1,2,9,148,94.68
4,4.2,0.944,130,122,1,0.887,53.2,1,B,1,29,4,82.2,76.22
6,3.4,0.888,115,102,0,0.813,65.7,0,C,0,11,5,82.2,65.04
6,3.4,0.907,165,149,1,0.876,56.9,2,C,1,7,3,82.2,76.19
9,4.2,0.825,197,162,1,0.808,76,0,B,1,35,6,113.7,85.13
6,4.1,0.909,181,164,1,0.887,68.3,1,B,1,30,3,126.5,76.66
6,4.6,0.921,145,133,0,0.898,69.2,2,C,0,16,5,109.1,65.88
0,3.5,0.855,76,64,1,0.833,74.8,3,B,0,15,2,68.7,48.72
5,3.7,0.854,144,122,0,0.868,73.6,0,A,0,20,5,131.9,66.29
1,2.9,0.777,38,29,0,0.706,76.1,0,A,1,28,1,85.2,41.96
7,4.5,0.821,169,138,1,0.772,95,0,C,1,3,6,101.1,91.05
5,3.4,0.798,140,111,1,0.831,97.6,2,C,0,29,5,148.7,70.14
6,4.6,0.861,159,136,1,0.826,72.3,0,C,0,9,3,67.4,87.42
0,3.1,0.692,48,33,1,0.699,71.4,3,A,1,27,2,56.8,45.09
1,4,0.755,31,23,0,0.684,64.6,0,B,0,32,3,139.7,48.18
7,4.3,0.88,180,158,0,0.858,87.7,0,B,1,31,4,146.2,66.58
0,3.1,0.783,64,50,0,0.625,74.8,3,C,0,26,2,26.1,33.99
0,3,0.732,19,13,0,0.642,57.1,1,A,0,3,0,32.5,34.46
0,3.1,0.718,40,28,1,0.631,58.8,6,B,0,11,0,69.8,49.24
11,4.7,0.876,265,232,1,0.981,98.1,0,C,1,29,9,153.4,97.02
7,4.1,0.864,199,171,1,0.82,68.9,0,C,0,27,4,157.3,89.58
3,3.3,0.927,99,91,0,0.877,68.2,3,A,1,10,1,137.9,44.8
2,3.4,0.86,114,98,0,0.728,76.1,1,A,0,35,2,80.5,55.37
3,3.6,0.832,82,68,1,0.884,67.5,2,B,1,23,3,100.8,63.67
8,3.3,0.917,197,180,1,0.798,95.4,1,C,0,6,5,113,90.3
6,4.1,0.913,130,118,0,0.879,86.4,1,A,0,11,5,123.3,75.35
2,3,0.841,47,39,1,0.766,57.4,2,B,0,27,1,65.2,60.77
1,2.9,0.778,26,20,0,0.666,59.5,3,B,1,31,2,88.7,31.4
1,2.6,0.751,91,68,0,0.691,73.6,0,C,0,30,0,69.2,38.73
6,3.2,0.856,172,147,1,0.828,73.4,1,B,1,3,5,146.8,77.15
7,3.5,0.926,185,171,0,0.893,52.2,1,B,1,13,4,167.5,70.19
2,3.2,0.794,56,44,1,0.703,56.3,2,C,1,21,3,134.8,55.33
0,4,0.725,33,23,0,0.714,67.8,2,B,0,11,2,81.1,33.57
1,3.1,0.707,45,31,0,0.711,77.2,1,C,0,3,2,106.2,44.42
11,4.6,0.924,216,199,1,0.991,92.4,0,C,1,31,6,153,91.66
2,3.6,0.756,89,67,1,0.695,91.6,1,A,1,24,3,70.8,66.24
7,4.1,0.854,163,139,1,0.838,67.2,0,B,0,12,4,95,89.06
6,3.9,0.935,137,128,1,0.937,66.3,0,B,1,27,4,138.8,85.21
3,3.1,0.818,79,64,1,0.73,69.2,1,C,1,21,3,42.5,67.65
2,4,0.77,57,43,1,0.673,47.9,0,B,0,25,4,122.2,70.43
1,4,0.809,45,36,0,0.704,66.5,1,A,0,30,3,77.2,47.94
6,3.2,0.958,169,161,1,0.783,71.7,0,B,0,30,3,119.2,82.64
8,3.7,0.883,206,181,1,0.969,86.5,0,C,0,10,7,164.2,91.9
6,3.8,0.744,126,93,1,0.793,85.5,2,C,0,3,3,73,74.51
5,3.4,0.881,114,100,1,0.817,76.8,1,C,1,13,3,113.3,77.22
0,3.4,0.797,34,27,0,0.751,65,5,A,0,27,3,127.4,36.35
11,4.2,0.935,221,206,1,0.919,85.9,2,C,0,18,9,159.5,90.48
8,5,0.878,201,176,1,0.873,67.5,1,B,1,24,5,104.3,91.99
2,3.9,0.767,96,73,0,0.704,67,1,A,0,14,1,85.6,48.59
11,4.6,1,225,225,1,0.887,81.7,0,A,1,4,9,207.3,100
6,4.3,0.77,174,133,1,0.818,73.1,1,B,1,16,4,105,79.49
5,4.2,0.833,127,105,0,0.867,70.4,1,C,1,10,4,73.8,66.02
7,3.8,0.859,148,127,0,0.864,68,0,C,1,27,4,122,71.54
8,3.8,0.932,221,205,1,0.946,64.7,0,A,1,1,6,101.9,88.54
6,3.9,0.924,145,133,1,0.807,71.5,2,C,1,5,6,60.3,85.66
1,3.7,0.782,54,42,0,0.69,73.6,2,A,0,13,3,110.6,42.9
3,3.6,0.831,119,98,1,0.714,48.7,3,B,1,3,4,135.4,63.77
10,3.8,0.93,238,221,1,0.954,74,0,B,1,17,9,172.6,92.34
2,3.1,0.86,57,49,0,0.753,92.8,3,B,0,19,4,122.8,40.26
3,3.5,0.873,77,67,0,0.774,67.2,1,A,0,5,4,91.8,52.8
4,3.6,0.808,146,117,0,0.824,72.8,3,C,1,24,3,152.6,51.48
4,4.5,0.856,110,94,1,0.781,93.1,0,C,0,33,2,93.1,77.37
6,3.4,0.881,137,120,1,0.902,77.8,2,C,0,21,4,128,81.29
10,4.6,0.911,252,229,1,0.942,84.1,0,B,1,3,9,134.7,96.25
2,4,0.826,114,94,1,0.741,57.1,1,C,0,4,1,53.9,69.28
1,4.2,0.795,96,76,1,0.654,70.3,1,B,0,32,3,68.9,62.49
2,3.3,0.815,51,41,1,0.789,67.8,2,C,0,24,1,162.9,59.37
9,4.5,0.835,182,151,0,0.903,89.6,0,B,0,35,6,198,75.71
6,4.1,0.816,173,141,1,0.845,89.3,0,C,1,18,3,151.3,82.65
2,3.5,0.848,47,39,0,0.784,68.4,0,C,0,3,2,83.1,53.07
8,4.1,0.829,164,135,1,0.843,81.6,0,C,0,26,7,130.5,86.81
9,4.4,0.926,182,168,0,0.909,55.8,0,A,1,24,5,203.4,80.73
9,3.3,0.899,206,185,1,0.885,51.7,0,C,0,1,7,152.7,81.12
10,4.7,0.968,196,189,1,1,93.1,0,C,1,34,8,183.7,95.15
2,3.5,0.84,75,63,1,0.75,40,0,A,0,12,2,79.4,71.05
7,3.9,0.853,151,128,1,0.827,79.4,1,B,1,17,5,127.1,87.35
4,4.5,0.823,126,103,0,0.861,68.9,1,C,0,21,3,135.4,62.71
9,4,0.803,209,167,1,0.94,93.3,0,B,1,21,6,129.9,86.97
7,3.9,0.869,147,127,1,0.875,75.1,0,A,1,3,7,146.4,88.07
8,4.9,0.826,180,148,1,0.862,98.6,0,C,1,28,6,123,100
6,3.6,0.851,153,130,0,0.82,71.6,1,A,1,25,4,143.3,66.13
1,3.1,0.762,28,21,0,0.72,80.3,1,B,1,6,0,66.1,35
5,3.7,0.804,121,97,1,0.763,54.5,0,B,0,30,3,172.6,77.31
11,4.8,0.989,222,219,1,0.996,53.9,0,B,1,32,9,166.1,94.93
10,4.5,0.853,209,178,1,0.995,79.7,0,C,1,22,7,183.2,89.22
0,2.7,0.732,70,51,1,0.723,48.2,2,A,0,14,0,79.4,51.65
1,3.1,0.759,31,23,1,0.666,65.8,1,C,1,34,1,73,50.82
1,3.1,0.77,75,57,1,0.747,61.5,2,C,1,26,0,105.2,59.52
7,4,0.832,191,158,1,0.862,82.8,1,A,1,13,7,170.6,89.34
8,4.3,0.871,186,162,0,0.904,64.2,0,C,1,30,4,100.5,72.64
2,3.6,0.822,43,35,1,0.717,73.1,1,B,1,19,2,99.9,59.5
4,3,0.868,146,126,1,0.808,81.4,1,B,0,3,3,108.8,74.5
9,4.7,0.934,221,206,1,0.963,76,0,B,1,31,8,158.3,97.85
7,4.1,0.78,131,102,0,0.783,81.2,2,B,0,12,6,176.6,65.78
5,4.3,0.867,164,142,0,0.804,60.8,1,C,0,15,4,144.5,67.91
5,4,0.87,139,120,1,0.813,67.9,0,A,1,14,5,154.7,86.77
4,4.1,0.801,123,98,0,0.838,54.9,1,A,0,35,3,119.9,60.17
2,3.6,0.891,66,58,0,0.836,96.1,3,A,1,16,4,83,44.12
5,4.3,0.903,108,97,0,0.741,87.2,1,B,0,24,3,47.3,66.12
6,4.1,0.853,166,141,1,0.89,93.9,0,C,0,17,5,170.5,85.3
9,4.2,0.873,237,206,0,0.959,93.1,0,C,1,18,5,77,75.1
6,4.8,0.944,158,149,1,0.923,66,0,B,0,17,6,175.6,92.05
7,4.4,0.875,161,140,1,0.838,57.1,1,B,1,16,7,158.2,90.83
1,3.5,0.798,81,64,1,0.721,61.4,2,B,0,21,3,147.1,59.58
4,3.2,0.838,105,87,1,0.721,76.7,0,A,0,24,3,120,65.43
0,2.7,0.895,21,18,0,0.639,61.5,0,B,0,34,1,95,38.75
2,3.6,0.796,54,42,1,0.732,41.2,2,A,0,27,2,90.4,60.07
7,4.1,0.874,166,145,1,0.868,84.5,1,C,0,17,5,138.3,92.93
11,4.3,0.888,260,230,1,0.95,62.3,0,C,1,25,8,146.3,93.12
1,3.4,0.774,46,35,1,0.766,61.4,1,C,0,21,3,84.5,58.12
3,4.2,0.769,121,93,1,0.913,90.4,1,C,0,4,3,78.6,75.59
8,4.4,0.849,173,146,1,0.855,77.6,0,C,0,25,5,145.4,89.39
2,3,0.717,99,70,0,0.674,80.9,1,A,1,30,1,95.2,42.19
5,3.7,0.892,126,112,1,0.861,76.7,1,C,1,33,5,119.4,73.12
7,3.7,0.883,148,130,1,0.878,63.4,1,C,1,26,4,133.3,81
6,3.8,0.874,149,130,0,0.818,82.8,0,C,1,25,4,109.5,61.74
2,3.3,0.805,66,53,1,0.798,67.2,1,A,1,16,3,112.8,64.03
3,3.4,0.824,67,55,0,0.736,51.7,3,A,1,24,3,113.4,46.56
8,3.6,0.97,212,205,1,0.905,57.2,2,C,1,5,6,152.3,88.33
5,3.7,0.81,166,134,1,0.805,77.1,1,A,0,13,3,91.7,73.24
0,3,0.794,24,19,0,0.666,90.7,5,A,0,30,1,100.2,27.28
7,2.9,0.889,184,163,1,0.783,62.6,0,B,1,7,7,113.1,89.98
0,4,0.837,34,28,0,0.737,53.5,3,C,1,17,3,64.3,39.01
7,4.5,0.897,183,164,1,0.94,80.3,0,B,0,27,5,138.8,91.57
2,3.3,0.832,103,85,0,0.809,52.2,2,C,0,35,3,130.5,48.24
11,4.5,0.867,213,184,1,0.986,109.7,0,B,1,5,9,131.8,97.35
3,3.1,0.78,89,69,1,0.724,59.1,2,A,0,5,3,74.3,64.15
3,4.2,0.763,107,81,1,0.769,63.5,2,B,0,24,2,45.1,64.97
1,4.1,0.67,41,27,0,0.623,56.8,0,B,0,7,0,103.2,46.33
3,3.6,0.841,70,58,1,0.79,80.7,0,B,0,7,3,93.9,71.5
9,4.7,0.89,181,161,1,0.975,104.4,0,B,1,14,5,164.7,88.63
11,4.6,0.95,233,221,1,1,73.1,0,B,0,15,6,178.1,95.7
3,3,0.823,101,83,1,0.878,79.9,3,A,1,5,2,127.6,62.07
4,3.5,0.847,113,95,1,0.851,55.3,1,C,1,4,3,112,72.06
7,4.1,0.942,159,149,1,0.909,87,3,B,1,30,4,114.7,83.56
9,4.1,0.903,192,173,1,0.953,99.6,0,A,1,20,5,159,90.74
5,3.7,0.882,96,84,1,0.865,89.9,0,A,1,26,6,132.4,79.6
3,3.5,0.806,73,58,0,0.731,71.1,2,B,0,9,4,93.5,50.18
4,3.6,0.876,80,70,1,0.735,58.6,2,C,0,30,3,114.7,68.09
7,4,0.813,180,146,0,0.89,75.5,0,B,0,22,6,95.6,71.3
0,2.8,0.688,42,28,0,0.786,61.3,0,A,1,30,0,41.8,41.75
6,3.6,0.967,135,130,1,0.92,68.6,1,B,1,20,5,78.2,80.27
3,3,0.913,117,106,1,0.709,72,2,B,0,28,1,112.7,59.93
8,4.5,0.792,223,176,1,0.832,76.2,0,C,1,7,5,166.2,90.78
1,2.5,0.792,50,39,1,0.721,75,3,A,0,4,2,45.2,48.23
5,4.3,0.856,160,136,0,0.73,81.1,0,C,0,28,4,124.8,62.53
4,4.2,0.871,84,73,0,0.74,70.2,0,B,1,35,2,125.4,59.63
6,3.8,0.949,141,133,1,0.867,79.2,1,A,1,33,4,116,82.03
0,2.2,0.727,15,10,0,0.706,80.9,1,A,1,7,2,128,32.91
5,3.6,0.798,112,89,1,0.756,66.1,3,B,1,9,6,76.3,70.17
5,3.8,0.848,149,126,1,0.749,72.7,0,C,0,34,4,108.7,77.92
5,3.4,0.8,144,115,1,0.866,60.2,1,C,1,34,5,32.6,75.15
6,3.7,0.726,126,91,1,0.783,79.8,1,B,1,13,4,138.4,77.17
6,4.5,0.85,186,158,0,0.827,76.4,0,C,1,29,4,106,64.38
8,4.4,0.932,157,146,1,0.873,82.5,0,A,1,35,7,84.7,94.74
2,3.1,0.806,51,41,0,0.715,56.1,3,C,1,10,3,113.8,37.06
8,3.5,0.92,211,194,1,0.962,86.2,0,C,1,30,6,139.3,86.82
4,3.5,0.859,143,122,0,0.761,72.2,0,B,1,26,4,102.8,55.87
0,3.1,0.729,57,41,0,0.703,77.4,2,A,0,35,0,113.8,35.13
0,3.4,0.783,43,33,0,0.71,59.7,1,A,1,28,1,56.6,37.14
3,3.3,0.745,114,84,1,0.656,77.7,1,C,0,29,4,123.3,65.35
8,4.4,0.863,176,151,1,0.891,82.3,0,A,1,6,6,167.7,90.11
7,4.8,0.878,205,179,1,0.788,93.8,0,A,1,3,7,119.1,88.35
8,4.5,0.889,187,166,0,0.919,75.6,0,B,1,29,4,144.3,68.55
5,3.8,0.784,119,93,0,0.742,65.8,0,A,1,2,3,170.4,61.45
4,3.6,0.78,97,75,0,0.808,65.1,1,B,0,22,5,81.7,52.88
1,3.2,0.808,32,25,1,0.714,53.2,0,B,0,27,2,104.6,60.19
3,4,0.862,101,87,1,0.754,63.5,2,A,0,22,4,105.9,75.78
4,3.4,0.824,91,74,0,0.805,42.9,4,B,0,10,4,150.1,57.25
1,3.3,0.781,70,54,0,0.654,82.9,1,C,1,19,2,87,43.33
2,3.5,0.854,61,52,1,0.764,91.2,3,C,1,24,1,116.6,55.88
5,3.6,0.81,154,124,0,0.848,70.7,0,B,1,27,6,72,58.48
7,3.5,0.962,180,173,0,0.943,80.8,1,C,0,17,4,71.7,67.94
11,4.6,0.863,225,194,0,0.911,83.5,0,B,0,10,7,136.5,75.84
10,4.4,0.969,197,190,0,0.932,64.2,1,C,1,17,6,146.8,74.1
6,4.1,0.889,181,160,0,0.776,86.3,0,C,0,10,5,117.4,64.99
4,3.5,0.955,80,76,0,0.797,85.1,0,B,1,10,5,144.8,63.83
6,4.4,0.806,184,148,1,0.748,61.5,0,B,1,17,4,116.2,85.26
8,3.8,0.772,157,121,1,0.874,81,1,C,1,26,5,144.7,81.75
1,4,0.856,57,48,0,0.792,63.3,1,C,0,26,1,92.2,49.81
3,2.9,0.747,79,59,1,0.731,83.8,2,C,0,34,2,85.1,59.5
8,4.3,0.92,206,189,0,0.844,76,0,C,1,4,7,143.5,79.62
3,3.7,0.88,76,66,1,0.809,68.8,3,A,0,27,3,135.5,66.57
5,3.5,0.867,166,143,0,0.783,94.4,1,A,0,21,4,129,62.36
5,4,0.86,137,117,1,0.858,57.1,1,C,0,31,5,137.8,76.25
2,3.9,0.827,46,38,0,0.856,71,0,A,1,7,1,106,55.15
3,2.7,0.863,125,107,1,0.744,70.6,2,B,1,34,3,153.4,66.46
3,3.8,0.85,70,59,0,0.747,62.3,1,B,1,18,2,72.4,55.17
0,2.2,0.719,16,11,0,0.618,89.5,4,B,0,24,0,155,22.09
0,2.8,0.871,70,60,1,0.744,69,1,B,1,13,0,109.9,51.56
8,4.8,0.892,150,133,1,0.892,85.1,1,C,1,13,4,179.3,95.2
2,3.2,0.833,55,45,0,0.748,77.8,0,A,0,25,2,135.3,46.58
5,3.3,0.884,117,103,1,0.832,68.6,0,C,1,5,5,151.1,80.6
2,3.4,0.865,69,59,0,0.719,82.9,0,C,0,29,4,57.3,55.05
10,5,0.969,191,185,0,0.864,92.5,0,C,1,33,8,126,85.51
2,2.7,0.814,68,55,1,0.718,66.5,3,B,1,24,2,117,56.54
4,3.3,0.838,90,75,0,0.703,82.3,3,B,0,10,3,129.3,48.77
9,4.9,0.923,210,193,1,0.871,93.4,0,C,1,25,5,178.6,92.66
9,5,0.958,196,187,0,0.942,88,0,C,1,10,7,153.4,82.96
2,3.4,0.752,72,54,1,0.74,58,1,B,1,16,2,56.5,62.42
8,3.6,0.921,218,200,1,0.808,75.9,0,B,1,28,5,140.7,85.48
4,4.5,0.79,82,64,1,0.837,76.7,0,A,1,12,5,134.2,69.54
4,4.3,0.927,103,95,1,0.816,74,0,B,0,32,4,104.4,77.25
1,3.6,0.812,46,37,0,0.672,57.6,2,B,1,29,0,87.9,39.5
1,3,0.773,56,43,1,0.707,63.1,4,B,0,27,0,88.9,50.66
7,4,0.897,170,152,0,0.842,79.7,0,A,0,26,4,120.3,76.37
4,3.6,0.835,123,102,1,0.755,52.9,3,C,1,3,4,87.6,73
4,3.8,0.827,151,124,1,0.836,71.2,0,B,0,26,3,175.3,74.96
7,4.6,0.785,154,120,1,0.782,83.9,0,C,0,1,5,182.8,89.89
7,4.4,0.824,195,160,1,0.859,78.9,0,C,0,35,7,168.1,79.89
1,2.9,0.787,40,31,0,0.662,56.2,0,A,0,27,3,100.5,46.36
6,4.5,0.777,156,121,1,0.815,65.8,0,C,0,4,4,97.9,83.46
1,3.4,0.764,79,60,0,0.736,84.3,3,B,1,19,1,114.6,40.25
7,4.3,0.85,158,134,1,0.871,64.2,0,C,1,22,6,169.5,88.29
6,4.5,0.823,183,150,0,0.835,88.2,3,B,0,6,6,117.7,67.77
11,4.1,0.969,225,218,1,0.954,74,0,B,1,9,6,136,92.02
0,3.2,0.736,38,27,0,0.643,78.6,1,B,0,11,0,92.8,39.67
0,3,0.784,15,11,1,0.658,71.5,0,A,0,22,0,112,53.78
2,2.8,0.79,75,59,0,0.763,63.8,1,A,0,9,1,76.8,45.91