mileage,vehicle_age_years,condition_rating,capacity,fuel_efficiency_num,distance,required_capacity,capacity_utilization,last_maintenance_days,engine_type,tire_condition,avg_fuel_consumption_per_100km,gps_tracker_installed,ac_working,load_type,breakdown_count_last_year,score
129865,4,7,800,3,297,320,0.4,21,diesel,4,15.8,1,0,standard,0,50.64
35613,1,10,300,2,282,240,0.8,7,diesel,4,13.5,1,1,hazardous,0,88.07
185939,5,7,1000,2,354,573,0.573,106,diesel,2,14.8,0,1,bulk,1,52.89
168560,7,10,800,2,375,644,0.805,164,petrol,3,10.5,1,1,bulk,0,81.31
201635,7,7,800,3,23,737,0.921,5,diesel,2,18.3,0,0,bulk,1,53.77
232586,9,6,300,1,152,225,0.75,37,diesel,4,6.1,1,0,standard,0,65.03
210633,10,6,500,3,27,330,0.66,1,electric,3,17.2,1,1,fragile,1,51.04
68243,3,10,300,2,239,259,0.863,1,petrol,5,12.5,0,1,standard,0,86.11
197226,7,5,1500,2,414,1415,0.943,247,petrol,1,15.2,1,0,refrigerated,0,52.8
254813,10,5,300,1,483,143,0.477,30,petrol,3,7.3,1,1,standard,1,45.79
55968,1,9,500,2,394,393,0.786,96,diesel,4,14,0,0,hazardous,1,82.08
176801,7,8,300,2,156,288,0.96,28,petrol,1,13.6,0,1,bulk,1,56.06
221785,9,4,500,2,295,320,0.64,27,petrol,3,12,1,1,standard,1,51.89
59680,0,10,800,1,393,480,0.6,1,diesel,5,10.8,0,1,bulk,2,82.95
244487,10,6,1500,1,239,961,0.641,69,petrol,1,8.2,0,0,standard,1,51.07
215957,9,4,800,1,124,415,0.519,196,electric,2,11.6,0,1,standard,3,45.7
130716,3,8,1500,2,121,809,0.539,8,diesel,3,14.8,0,1,bulk,0,65.23
192619,8,4,500,1,67,235,0.47,20,diesel,2,9.5,1,1,bulk,1,47.56
140043,5,8,1500,2,119,1242,0.828,29,diesel,3,15.9,1,1,standard,0,78.1
20083,2,10,1000,2,259,788,0.788,73,diesel,4,11.9,1,1,bulk,1,88.89
59955,2,9,800,2,142,734,0.918,61,diesel,4,12.8,1,1,bulk,0,78.83
79125,3,7,500,3,319,357,0.714,61,electric,3,17.7,1,0,bulk,1,78.47
250614,10,6,300,3,64,274,0.913,27,petrol,3,17.6,1,0,standard,0,51.56
47270,1,8,1000,2,381,871,0.871,98,petrol,5,13.8,1,1,standard,1,80.01
229853,9,9,300,1,396,245,0.817,2,diesel,2,9,1,1,standard,1,70.52
238495,10,5,300,2,242,229,0.763,61,petrol,1,10.8,1,1,bulk,0,64.72
228942,9,4,500,2,474,426,0.852,16,diesel,2,14.4,1,0,fragile,3,55.3
249243,9,5,800,2,87,587,0.734,66,diesel,2,14.9,0,1,fragile,1,61.29
62419,2,8,500,1,193,472,0.944,32,petrol,4,9.1,1,1,hazardous,1,81.35
17216,0,10,1000,3,380,722,0.722,90,petrol,5,17.4,1,1,fragile,0,84.12
73994,3,10,800,3,491,581,0.726,8,diesel,5,15.2,1,1,hazardous,0,88.51
160576,6,7,800,3,343,332,0.415,96,diesel,2,20.3,1,1,hazardous,2,46.96
277124,10,7,500,2,235,273,0.546,35,diesel,2,11.1,1,1,bulk,0,62.95
239726,9,5,500,1,339,373,0.746,156,diesel,1,11.2,0,1,bulk,2,55.29
169795,7,7,800,2,263,332,0.415,22,diesel,4,10.8,1,1,bulk,1,57.68
19416,3,5,800,2,289,551,0.689,44,petrol,4,12.3,0,0,bulk,1,62.5
278896,12,6,500,2,21,213,0.426,287,petrol,1,13.3,1,1,bulk,0,38.31
178622,7,6,500,2,143,256,0.512,15,diesel,2,9.8,1,1,bulk,1,62.32
261456,9,5,300,2,183,283,0.943,45,petrol,3,12.3,1,0,standard,1,50.4
140732,5,8,500,2,158,451,0.902,61,electric,4,12.2,1,1,bulk,0,68.93
252073,9,7,300,1,75,279,0.93,68,diesel,2,9.6,0,1,standard,3,51.07
219745,9,4,1000,2,356,432,0.432,276,diesel,1,15.3,0,1,standard,2,36.34
257038,11,5,1500,1,282,1116,0.744,13,petrol,2,9.8,0,0,bulk,2,58.73
114242,5,7,1000,2,458,920,0.92,66,petrol,3,12.2,1,1,standard,0,63.78
11931,0,7,1000,2,263,632,0.632,125,petrol,5,12.6,1,1,standard,2,76.99
221889,9,4,500,1,351,360,0.72,72,diesel,4,9.1,1,0,refrigerated,1,55.57
95432,4,9,800,1,430,548,0.685,14,diesel,5,8.6,1,0,standard,1,80.11
123837,5,8,1000,2,137,584,0.584,23,petrol,4,10.2,1,0,refrigerated,0,71.73
268804,11,6,800,2,51,342,0.428,63,petrol,2,12,1,1,standard,1,44.21
77810,2,5,800,2,475,757,0.946,131,diesel,5,11.6,1,1,standard,0,65.74
88139,4,9,300,2,299,183,0.61,6,diesel,4,11,1,1,refrigerated,2,74.75
114510,3,8,800,3,204,509,0.636,29,diesel,5,17.4,1,0,fragile,0,62.38
267669,11,6,1500,2,357,1265,0.843,131,diesel,2,12.7,0,1,bulk,0,61.06
460,0,10,800,2,203,598,0.748,33,petrol,5,15.7,1,1,bulk,0,89.33
151095,5,7,300,2,86,290,0.967,90,petrol,4,12.1,0,1,standard,1,63.68
11926,0,10,1000,1,407,803,0.803,10,petrol,5,8.5,1,1,standard,0,96.38
227710,8,8,500,1,379,210,0.42,6,diesel,3,9.1,0,1,standard,1,54.33
114823,4,5,1000,2,211,741,0.741,136,electric,2,14.5,1,0,bulk,0,66.63
83952,3,7,300,2,330,129,0.43,40,petrol,4,12.8,1,0,standard,1,54.6
146824,4,9,1000,1,58,517,0.517,90,petrol,3,7.8,0,0,fragile,1,63.73
60555,2,9,500,2,345,276,0.552,137,diesel,4,14.5,1,1,bulk,0,78.86
104329,3,6,1500,2,163,954,0.636,110,diesel,4,11.3,1,1,hazardous,0,67.78
122795,5,7,800,3,86,576,0.72,42,diesel,4,18.2,1,1,standard,0,74.51
109221,3,6,500,2,131,271,0.542,7,diesel,5,13,1,0,bulk,0,66.23
181209,7,5,800,2,451,500,0.625,4,electric,3,13.1,1,1,standard,1,58.92
29564,1,8,300,1,294,180,0.6,18,diesel,4,7.4,1,1,bulk,4,75.45
149734,6,6,1000,2,194,445,0.445,44,petrol,3,11.2,0,1,fragile,1,48.92
105302,2,7,500,2,272,272,0.544,7,petrol,3,15.3,1,1,refrigerated,0,72.78
108291,6,8,1000,1,110,875,0.875,14,diesel,3,11,1,1,standard,0,89.05
228430,6,6,300,2,416,259,0.863,365,diesel,1,11.2,1,1,bulk,1,61.49
45303,0,9,1000,2,193,440,0.44,1,diesel,4,11.8,1,1,hazardous,1,64.67
31466,0,10,800,2,456,372,0.465,179,electric,4,13.2,0,1,refrigerated,0,67.53
75466,4,8,1000,1,366,621,0.621,91,diesel,4,7.3,1,0,standard,0,78.16
267786,10,5,1500,1,492,898,0.599,51,petrol,3,8.8,0,1,bulk,0,56.03
236210,11,4,500,1,362,369,0.738,30,petrol,1,8.7,0,0,standard,0,60.49
41124,0,10,800,3,288,650,0.812,6,petrol,5,18.1,1,1,standard,0,83.09
182045,8,6,300,2,487,209,0.697,33,diesel,4,12.6,1,1,standard,0,64.78
229476,9,7,800,2,324,547,0.684,10,diesel,3,11.1,0,1,standard,1,53.93
23594,1,8,800,3,447,578,0.722,5,diesel,5,18.6,1,0,bulk,0,92.27
165851,7,8,800,2,122,463,0.579,42,diesel,3,13.3,0,0,standard,0,62.32
160980,5,6,500,3,484,354,0.708,6,diesel,4,18,0,1,refrigerated,0,67.05
187862,8,7,800,1,131,718,0.898,26,electric,3,9.7,0,1,standard,0,76.36
184004,5,6,1500,2,181,1169,0.779,29,diesel,2,12.5,1,1,hazardous,0,64.75
176777,7,6,1000,2,177,543,0.543,11,petrol,3,14.7,1,0,standard,0,63.35
34820,2,10,1000,1,267,636,0.636,24,diesel,3,6.9,1,1,fragile,0,87.39
52865,1,8,1000,2,460,936,0.936,98,petrol,5,11.9,1,1,bulk,1,73.92
160801,6,5,800,3,228,459,0.574,4,diesel,3,16.3,1,0,bulk,1,52.18
232893,9,8,800,2,257,489,0.611,236,diesel,2,12.6,1,1,standard,1,57.61
78549,3,10,800,1,160,362,0.452,13,petrol,4,9,1,1,standard,1,74.34
228209,8,6,1000,3,100,836,0.836,37,diesel,2,17.3,0,1,refrigerated,0,57.56
145928,7,7,1000,1,196,615,0.615,57,petrol,3,9.5,0,1,hazardous,0,64.31
13674,0,9,1000,1,476,759,0.759,20,electric,5,10.1,1,1,bulk,0,100
240925,8,6,1000,3,145,716,0.716,72,petrol,1,16.7,1,0,standard,1,52.07
183993,6,8,500,2,29,263,0.526,99,petrol,2,15.4,1,0,fragile,0,61.54
25872,0,10,800,2,89,472,0.59,40,petrol,4,11.5,1,1,fragile,1,76.76
159079,5,7,1000,2,422,547,0.547,8,diesel,3,11.2,0,0,bulk,0,57.31
22336,0,5,300,1,362,293,0.977,4,diesel,4,7.2,0,1,bulk,0,74.22
138675,6,6,1000,1,364,608,0.608,19,petrol,5,9.3,1,1,fragile,0,73.26
108177,4,7,800,2,368,578,0.722,214,petrol,2,14.4,0,1,standard,2,70.85
242673,9,6,800,2,337,402,0.502,63,diesel,2,14.4,1,0,hazardous,0,61.23
38360,0,10,500,3,498,352,0.704,207,diesel,4,21.2,1,1,standard,0,84.2
248714,10,5,800,2,275,585,0.731,9,diesel,2,10.2,1,0,bulk,1,57.37
77589,2,9,300,2,306,150,0.5,88,diesel,4,12.2,0,1,refrigerated,1,74.41
219203,8,9,800,3,374,345,0.431,54,electric,3,15.5,1,1,refrigerated,0,52.63
189745,7,6,1000,2,341,483,0.483,19,petrol,4,13,1,0,standard,0,55.93
254220,10,5,300,3,369,199,0.663,50,petrol,2,18.8,1,1,fragile,0,46.75
130036,5,9,1000,2,76,512,0.512,27,diesel,3,13,1,1,standard,0,71.12
39850,0,9,500,1,479,217,0.434,55,diesel,4,8.7,1,1,standard,1,69.82
226585,7,8,500,2,122,333,0.666,1,petrol,3,11.1,1,0,bulk,0,62.7
131271,5,10,500,1,290,461,0.922,37,diesel,3,10,1,1,refrigerated,0,80.13
79207,3,10,1000,3,482,508,0.508,42,diesel,4,17.2,1,1,standard,0,74.52
255785,10,7,500,2,389,477,0.954,72,electric,2,13.3,1,1,hazardous,0,50.19
94121,2,8,1000,1,394,703,0.703,144,diesel,4,9,1,1,standard,1,83.14
157646,5,8,1500,1,452,678,0.452,41,petrol,3,9.7,1,1,standard,0,63.56
34564,2,10,500,3,305,312,0.624,19,electric,4,17.2,0,1,bulk,1,68.13
218839,10,5,800,1,323,489,0.611,113,diesel,2,8.7,0,0,bulk,1,50.58
139172,6,7,800,3,21,375,0.469,17,diesel,3,18.2,0,0,refrigerated,0,41.96
143032,4,7,300,2,21,141,0.47,2,petrol,4,13.5,0,0,fragile,1,51.23
127221,4,6,800,2,468,473,0.591,4,diesel,4,14.8,1,1,hazardous,2,60.94
223030,8,8,1000,1,69,871,0.871,176,diesel,2,7.6,1,1,standard,0,74.41
67946,2,10,1500,3,96,628,0.419,72,diesel,3,17.4,1,0,hazardous,0,59.32
203189,7,7,300,2,191,254,0.847,25,diesel,2,13.3,0,1,standard,0,69.49
122891,6,9,300,1,404,258,0.86,30,petrol,4,6,1,1,standard,0,81.28
198962,8,6,500,2,391,317,0.634,57,diesel,3,15.4,1,1,bulk,0,57.48
52839,0,8,800,2,125,722,0.902,55,petrol,4,12,1,1,hazardous,2,71.19
135725,5,8,800,1,187,525,0.656,79,diesel,4,7.7,1,1,refrigerated,2,69.8
149974,6,4,1000,2,59,455,0.455,9,diesel,3,14.3,0,0,standard,1,39.78
5861,1,10,500,2,89,372,0.744,15,electric,4,14.4,1,1,standard,0,90.6
193441,6,5,1000,1,255,408,0.408,49,diesel,2,9.2,1,0,standard,1,55.54
21941,0,8,800,3,353,602,0.752,68,diesel,5,18.4,1,0,bulk,1,79.36
240702,10,7,500,3,480,403,0.806,33,diesel,3,19.7,1,1,standard,0,61.45
98340,2,6,300,2,347,177,0.59,145,petrol,2,13,1,1,standard,2,60.81
39081,0,9,1500,3,231,1387,0.925,53,diesel,5,15.9,1,1,hazardous,2,76.44
128071,6,6,1500,2,230,1041,0.694,60,diesel,3,13.5,1,0,standard,1,59.65
70070,3,10,500,3,56,355,0.71,48,petrol,5,17.2,1,1,bulk,0,86.79
274169,9,6,800,2,183,631,0.789,7,diesel,2,12,0,1,standard,3,59.97
264835,10,7,800,1,319,782,0.978,54,diesel,2,9,1,0,fragile,0,62.17
22477,0,7,500,2,21,354,0.708,1,petrol,5,9.6,1,0,bulk,0,86.41
219011,7,7,500,1,465,347,0.694,74,petrol,2,8.3,1,1,fragile,0,61.48
114227,4,8,800,2,235,578,0.722,19,diesel,4,13.1,1,1,refrigerated,1,79.98
117839,5,6,500,1,480,433,0.866,22,diesel,4,10.9,0,1,standard,0,77.52
207391,7,7,300,1,374,248,0.827,120,diesel,2,10,1,0,hazardous,0,74.05
224830,8,4,500,2,331,436,0.872,293,petrol,4,10.9,0,0,standard,0,55.28
1032,1,10,1000,1,181,862,0.862,103,petrol,4,9.6,1,0,hazardous,0,88.13
151188,6,8,1500,2,424,1318,0.879,19,petrol,3,13.9,1,1,hazardous,0,78.76
139647,4,8,500,3,247,291,0.582,120,petrol,2,17.9,1,1,fragile,0,63.04
67713,3,8,500,3,443,208,0.416,2,petrol,5,17.9,1,1,bulk,0,57.94
248047,10,6,300,1,388,289,0.963,5,petrol,4,7.9,0,1,bulk,3,54.77
161892,4,7,1500,2,190,1111,0.741,85,diesel,4,12.7,1,1,refrigerated,0,73
270567,11,6,500,3,466,343,0.686,88,diesel,2,17.7,1,0,standard,0,51.9
253031,11,7,1000,2,186,762,0.762,65,petrol,2,12.4,1,1,fragile,1,65.62
31747,1,7,500,3,252,308,0.616,224,electric,3,18.5,0,1,standard,3,62.34
133989,6,9,800,2,127,561,0.701,12,petrol,3,18.1,1,1,standard,1,78.25
272698,11,7,500,2,96,478,0.956,63,petrol,2,13.4,1,0,hazardous,1,50.65
151081,6,9,1500,1,388,1441,0.961,107,diesel,3,7.2,1,1,fragile,0,72.66
256947,11,5,800,2,244,579,0.724,71,diesel,1,10.8,1,1,hazardous,1,56.02
151319,7,8,500,2,303,314,0.628,188,petrol,2,14.2,1,1,standard,0,59.59
153414,4,7,800,2,91,372,0.465,86,diesel,2,11.2,0,1,hazardous,3,48.57
18388,0,10,500,1,52,441,0.882,1,electric,5,10.6,1,1,standard,0,92.45
9069,2,8,800,3,366,589,0.736,29,diesel,5,20.1,0,1,bulk,1,85.11
238689,9,5,300,3,307,190,0.633,32,electric,3,19.5,1,1,standard,2,45.56
65102,2,8,500,1,481,233,0.466,42,petrol,5,8.3,1,1,refrigerated,0,65.55
140037,5,8,800,3,338,354,0.442,22,petrol,3,16.8,1,1,refrigerated,2,51.18
119930,3,8,500,2,489,270,0.54,29,diesel,4,10.4,1,0,bulk,0,66.38
95598,3,7,500,2,235,411,0.822,179,petrol,3,9.6,1,0,hazardous,1,67.64
146829,4,5,500,1,433,270,0.54,5,diesel,4,8.4,1,1,bulk,1,70.77
66246,2,8,800,2,29,426,0.532,4,petrol,5,10.5,1,1,refrigerated,0,73.88
243326,10,6,1000,3,369,650,0.65,1,electric,4,18.9,1,0,fragile,0,52.28
158436,5,4,300,1,372,177,0.59,164,diesel,2,8.1,1,1,fragile,2,63.53
16531,2,10,500,3,139,385,0.77,41,diesel,5,19.2,1,1,hazardous,0,87.73
146135,5,5,300,2,166,289,0.963,6,diesel,3,15.4,0,0,standard,1,55.34
133770,6,7,500,2,128,232,0.464,44,electric,3,14.2,1,1,standard,0,60.04
198531,7,7,800,1,419,746,0.932,75,diesel,3,9.6,1,1,refrigerated,1,56.5
133406,4,7,1000,3,256,455,0.455,125,petrol,4,18.8,1,1,standard,0,54.22
227075,9,7,500,2,179,371,0.742,33,diesel,2,12.2,1,1,standard,0,69.08
250703,10,6,800,3,173,746,0.932,68,diesel,2,17.4,1,1,standard,0,48.54
33989,1,10,500,2,199,385,0.77,17,diesel,5,11,1,1,fragile,0,96.97
196515,6,4,800,2,242,424,0.53,11,diesel,2,16.3,1,1,bulk,0,55.27
42212,2,6,500,2,415,399,0.798,29,petrol,5,13,0,1,standard,0,83.02
120255,3,5,500,1,403,418,0.836,14,diesel,4,9.7,1,0,bulk,1,77.71
238817,9,6,800,1,339,445,0.556,154,diesel,3,8.4,1,1,fragile,0,56.23
252453,11,6,500,1,333,372,0.744,2,diesel,2,7.2,0,1,fragile,2,62.37
14532,1,10,1500,3,304,750,0.5,116,electric,4,16.1,0,1,bulk,0,73.23
19617,1,9,1000,1,387,910,0.91,147,petrol,5,6,1,1,bulk,1,88.44
13945,0,10,800,2,197,763,0.954,55,electric,5,15.4,1,1,hazardous,0,81
47583,3,9,500,2,69,408,0.816,99,petrol,4,13.1,1,1,standard,0,83.81
21773,0,8,500,2,168,421,0.842,29,diesel,5,14.1,1,0,standard,2,88.28
149211,4,7,800,3,44,448,0.56,203,petrol,2,17.9,0,1,standard,0,63.19
89251,3,8,800,2,206,672,0.84,28,diesel,5,13.3,1,0,bulk,0,81.45
225415,10,7,300,3,297,267,0.89,8,petrol,3,19.6,1,1,refrigerated,0,66.65
68988,1,9,800,2,467,765,0.956,81,petrol,4,12,1,1,bulk,0,80.17
98004,3,9,800,2,495,438,0.548,51,electric,4,11.7,1,0,refrigerated,1,75.51
38281,2,10,1500,2,28,1468,0.979,18,petrol,4,11,1,0,bulk,0,83.1
1271,1,9,300,2,95,182,0.607,130,petrol,4,9.8,1,0,standard,1,76.79
16914,0,8,500,1,447,389,0.778,226,diesel,4,6.1,0,0,standard,2,80.19
128855,5,7,300,2,371,139,0.463,41,electric,3,14.1,1,1,bulk,0,62.66
213697,7,5,1500,1,91,1324,0.883,129,petrol,2,7.7,1,1,fragile,2,61.73
236159,8,5,300,2,191,224,0.747,3,diesel,1,11.2,1,1,fragile,1,59.89
193037,6,8,300,2,378,147,0.49,31,diesel,3,12.1,1,1,bulk,0,54.13
201803,7,5,1500,2,422,997,0.665,126,diesel,2,12.5,1,0,standard,3,49.88
116409,2,7,300,3,125,268,0.893,32,diesel,4,17.1,1,1,hazardous,0,81.92
97310,3,9,300,1,429,164,0.547,36,diesel,5,8.1,1,1,bulk,0,80.91
87757,3,7,300,3,179,214,0.713,32,diesel,5,20.2,0,1,hazardous,1,72.54
241097,9,8,1500,1,446,1175,0.783,77,petrol,2,8.7,1,1,standard,1,67.39
56254,2,10,500,2,472,306,0.612,3,diesel,5,12,1,1,standard,1,83.34
232995,8,8,500,2,321,200,0.4,61,electric,1,9.9,0,1,fragile,0,45.75
109139,5,7,800,2,98,662,0.828,18,diesel,4,13.4,1,0,fragile,2,77
170059,7,7,1500,3,401,1059,0.706,120,petrol,3,19.5,0,1,bulk,0,61.51
205227,6,5,800,1,452,488,0.61,64,petrol,2,12.6,1,0,fragile,1,52.92
90155,3,7,500,2,118,489,0.978,95,petrol,3,13,1,1,bulk,0,71.08
73684,2,9,500,3,306,288,0.576,27,diesel,5,21,1,1,fragile,0,76.82
110831,4,7,1000,3,326,574,0.574,77,diesel,3,19,0,0,bulk,3,54.84
77648,4,10,1000,3,371,795,0.795,19,diesel,5,17.6,1,1,bulk,0,83.04
128614,6,10,500,3,212,218,0.436,91,petrol,3,16.8,1,1,standard,2,59.04
145716,7,7,800,1,385,346,0.432,259,petrol,3,8.3,1,1,bulk,0,56.52
246629,9,7,800,3,91,613,0.766,63,diesel,3,16.1,1,0,standard,0,62.05
140986,5,10,800,2,224,712,0.89,351,diesel,2,10.2,1,1,hazardous,0,81.27
31455,0,9,1000,2,302,543,0.543,65,petrol,5,12,1,1,bulk,0,79.91
112541,3,7,500,3,238,399,0.798,90,diesel,4,19.4,1,1,standard,0,69.35
110001,4,8,800,1,189,738,0.922,1,diesel,2,8.2,0,1,bulk,1,66.27
203174,6,9,500,1,131,312,0.624,13,diesel,3,8.4,1,1,standard,0,70.14
76375,3,8,500,2,309,240,0.48,35,petrol,4,15,0,1,bulk,0,62.65
101295,4,7,1000,1,251,549,0.549,81,diesel,4,9.2,1,1,standard,0,73.9
159434,6,5,1500,3,217,740,0.493,78,diesel,3,17.8,0,1,standard,1,39.12
255976,10,3,1500,2,195,1302,0.868,79,diesel,2,11.9,0,0,standard,1,47.31
82129,2,9,1000,1,409,430,0.43,10,petrol,4,9.3,1,1,standard,1,67.37
39223,2,8,800,2,214,367,0.459,90,diesel,4,15.2,0,1,standard,0,62.44
21510,1,10,500,3,287,343,0.686,88,diesel,5,17.9,1,1,hazardous,0,80.58
149464,6,8,500,2,398,231,0.462,23,diesel,3,13.8,0,1,fragile,0,57.74
24779,0,9,1500,3,217,1002,0.668,13,diesel,4,17.6,1,1,hazardous,0,79.95
243444,10,7,1000,2,416,913,0.913,7,diesel,3,13.4,1,0,bulk,1,52.32
237635,9,8,300,2,298,227,0.757,56,petrol,3,15.4,1,1,standard,0,70.89
231381,10,6,800,3,271,691,0.864,39,diesel,2,19.4,0,1,standard,1,55.81
106936,3,7,1000,1,451,963,0.963,12,electric,4,10.4,1,0,bulk,2,70.89
97350,3,9,300,1,314,153,0.51,20,electric,4,8.7,1,1,standard,2,75.62
160669,7,6,800,1,407,648,0.81,92,petrol,2,9.5,1,1,standard,2,69.45
31911,0,8,1000,1,257,664,0.664,42,diesel,5,9,1,0,standard,0,83.43
150386,4,7,800,2,243,657,0.821,164,electric,4,12.5,1,0,refrigerated,0,74.71
187748,8,8,500,1,131,228,0.456,6,diesel,2,7.7,0,1,standard,0,55.79
54808,2,8,500,2,328,460,0.92,37,diesel,4,14,1,0,fragile,0,74.16
130515,6,7,800,3,66,445,0.556,169,petrol,3,18,1,0,fragile,1,59.74
260513,11,7,500,2,374,272,0.544,42,electric,2,12.6,0,1,standard,0,52.93
19970,0,10,500,1,425,429,0.858,45,petrol,5,7.5,1,0,standard,0,92.97
67454,4,10,500,3,412,298,0.596,42,petrol,4,19,1,1,refrigerated,0,78.02
12368,0,10,500,2,484,438,0.876,61,diesel,5,12,1,1,hazardous,0,93.6
260343,8,7,300,2,421,198,0.66,2,diesel,2,14.2,0,1,bulk,0,54.84
276370,10,6,1000,1,276,727,0.727,15,petrol,2,11.7,1,0,bulk,1,71.51
52408,1,10,300,1,348,145,0.483,100,diesel,4,9.1,0,1,standard,1,64.18
212914,7,6,500,1,239,227,0.454,86,diesel,2,9,0,1,bulk,1,44.33
251587,11,5,500,2,66,218,0.436,73,diesel,2,11,0,1,refrigerated,1,42.47
147569,6,7,300,2,427,251,0.837,149,electric,3,11.2,1,1,standard,1,68.92
38402,0,10,800,2,467,548,0.685,1,diesel,4,11.5,1,1,standard,0,81.97
66153,2,10,800,2,180,409,0.511,3,petrol,5,13.1,1,0,fragile,0,81.94
39072,1,9,500,2,164,423,0.846,1,petrol,5,14.3,0,1,hazardous,0,89.08
92291,4,7,300,3,245,127,0.423,37,diesel,4,17.3,0,1,standard,1,48.59
248854,11,4,800,1,296,717,0.896,214,petrol,2,9.2,0,0,fragile,0,59.02
95564,3,7,500,3,212,305,0.61,57,diesel,3,19.2,1,0,standard,2,61.57
265452,10,6,500,2,130,295,0.59,132,diesel,2,11.9,1,1,refrigerated,2,51.7
79593,3,8,800,1,109,357,0.446,9,diesel,4,11.1,1,0,standard,2,61.1
184213,7,4,800,1,78,517,0.646,99,diesel,4,9.6,0,0,standard,1,51.19
58154,3,7,800,2,426,661,0.826,14,diesel,4,12.6,1,1,refrigerated,0,84.64
123054,2,7,800,3,440,432,0.54,70,petrol,2,17.8,1,0,bulk,0,60.45
159232,6,9,800,2,498,669,0.836,110,petrol,2,14.5,1,1,refrigerated,0,77.49
23514,1,9,500,2,192,481,0.962,103,petrol,3,14.7,1,1,standard,1,76.54
11318,0,6,500,2,161,318,0.636,52,diesel,4,10.9,0,1,bulk,0,71.36
271833,8,3,300,2,126,183,0.61,37,diesel,2,11.1,0,0,bulk,1,42.21
69178,1,9,500,2,455,294,0.588,35,petrol,4,12.7,1,0,standard,0,78.69
179554,7,8,500,1,449,296,0.592,35,diesel,4,11.6,1,1,bulk,0,68.85
234256,11,5,800,2,220,401,0.501,102,petrol,2,10.7,0,0,hazardous,1,45.41
184506,5,8,500,1,118,373,0.746,100,petrol,2,8.8,1,0,standard,0,78.48
120404,4,8,1000,3,367,796,0.796,1,diesel,4,19,1,1,standard,2,72.24
164233,8,8,1500,2,220,893,0.595,53,diesel,3,15.8,1,1,bulk,0,62.15
236775,10,6,500,1,360,247,0.494,151,petrol,1,9.4,1,1,bulk,0,43.1
238076,9,6,1500,2,422,1463,0.975,27,electric,2,15.1,1,1,standard,1,51.19
260526,8,1,800,2,74,765,0.956,11,diesel,3,14.1,0,0,standard,2,36.5
211534,9,9,1000,1,53,619,0.619,20,petrol,3,10,1,1,fragile,3,66.29
45915,3,8,800,2,180,364,0.455,11,diesel,5,11.2,0,1,bulk,1,66.52
121306,8,9,1000,1,327,644,0.644,10,diesel,4,6,1,1,fragile,0,76.71
24065,0,9,1000,2,146,842,0.842,20,diesel,5,10.7,0,1,standard,0,87
33277,0,9,500,1,458,294,0.588,121,petrol,4,9.4,1,0,bulk,0,88
156986,6,6,1500,2,395,1405,0.937,56,petrol,3,13.5,1,0,standard,0,53.79
121232,3,9,500,3,203,464,0.928,44,petrol,4,16.3,0,1,fragile,1,64.81
96299,3,8,1500,2,483,967,0.645,65,petrol,4,15.2,1,1,refrigerated,0,75.64
157340,7,6,1000,3,388,613,0.613,119,diesel,3,17.8,0,1,refrigerated,1,46.47
68781,4,9,300,3,313,291,0.97,75,electric,4,17.3,0,1,standard,2,71.31
42526,3,9,800,3,360,559,0.699,8,petrol,5,17.9,0,1,standard,0,75.77
85065,2,10,800,3,267,433,0.541,20,petrol,4,16,1,1,standard,0,76.94
8963,0,10,500,2,60,411,0.822,45,diesel,5,13.8,1,1,hazardous,0,97.15
186297,6,9,300,2,353,139,0.463,276,petrol,2,14,1,0,standard,0,50.34
227180,10,5,800,2,88,776,0.97,95,petrol,2,12.6,1,1,bulk,0,51.38
127526,6,6,1000,3,244,652,0.652,86,diesel,3,19.8,0,0,refrigerated,2,54.39
279782,10,5,300,2,63,169,0.563,44,diesel,2,10,0,0,standard,1,40.43
225023,9,7,500,2,309,358,0.716,180,diesel,2,11.3,1,0,standard,2,59.47
223142,8,6,800,2,357,382,0.478,48,diesel,3,11.2,1,1,standard,0,51.99
278559,11,4,500,2,421,446,0.892,67,petrol,2,13.2,0,0,bulk,0,57.07
61301,3,8,1000,1,100,612,0.612,3,diesel,4,7,1,1,hazardous,1,78.39
63773,2,9,500,1,163,302,0.604,90,petrol,3,7.1,1,1,fragile,1,78.86
45727,0,9,300,1,303,225,0.75,217,diesel,4,7.5,1,1,bulk,0,88.66
19200,2,10,800,2,380,683,0.854,215,diesel,4,12.7,1,1,bulk,1,83.67
80587,3,4,300,2,94,215,0.717,29,diesel,4,12.6,1,0,bulk,0,72.61
92723,4,10,1500,1,52,1463,0.975,1,diesel,4,6.5,1,1,fragile,0,83.04
133729,4,10,800,2,399,380,0.475,26,electric,5,14.6,1,1,hazardous,0,64.41
250612,10,8,1000,2,154,745,0.745,106,petrol,2,13.2,0,0,refrigerated,0,67.69
109991,4,10,800,1,411,744,0.93,66,petrol,3,8.6,1,1,hazardous,1,79.16
60333,0,9,800,3,162,677,0.846,146,diesel,4,17.3,1,0,standard,1,75.13
120899,5,8,300,2,143,264,0.88,7,electric,3,13.2,1,1,hazardous,0,79.02
270045,11,6,1000,2,498,498,0.498,47,diesel,2,9.8,0,1,refrigerated,0,42.15
130735,5,9,500,2,348,247,0.494,37,petrol,4,13,1,1,standard,0,64.09
175177,8,4,1500,2,437,1022,0.681,39,diesel,3,14.1,0,1,fragile,0,56.77
182591,8,6,1500,2,283,628,0.419,28,petrol,3,17,0,1,fragile,0,43.07
45692,1,8,300,1,411,166,0.553,156,diesel,4,9.2,1,0,bulk,1,72.22
56433,2,10,1000,2,117,843,0.843,13,diesel,3,13.5,1,1,standard,0,88.87
89254,4,6,500,1,490,395,0.79,23,electric,5,6,0,1,refrigerated,1,80.88
280582,11,4,300,2,378,154,0.513,234,electric,1,13.1,1,1,fragile,0,48.48
47869,3,8,800,3,392,746,0.932,4,petrol,5,19.4,1,1,standard,1,76.67
97045,2,6,1000,1,277,677,0.677,91,petrol,4,9.6,1,0,bulk,2,66.4
72679,4,8,500,1,210,471,0.942,45,petrol,5,9,0,1,bulk,0,72.61
179556,6,8,1000,2,245,703,0.703,12,diesel,3,11.3,1,1,bulk,1,70.74
28497,0,9,1000,2,331,718,0.718,50,diesel,4,13.6,0,1,standard,1,83.06
220255,8,8,1500,1,221,1293,0.862,105,electric,2,10.3,1,1,bulk,1,69.15
91411,5,9,800,1,27,508,0.635,59,diesel,4,9.8,1,1,bulk,0,75.65
130459,6,5,500,2,488,254,0.508,40,diesel,4,15.6,1,0,standard,3,56.6
200298,8,7,1500,1,290,925,0.617,79,petrol,3,10.1,0,1,bulk,0,64.43
159582,7,9,500,1,130,333,0.666,43,diesel,3,7.8,1,0,fragile,0,73.58
249166,9,4,1000,1,311,681,0.681,87,diesel,2,9.5,1,0,refrigerated,1,50.13
241957,9,5,800,2,399,721,0.901,8,diesel,1,14,1,1,hazardous,0,52.26
148868,6,9,1500,1,54,666,0.444,57,diesel,2,7.8,1,1,bulk,1,63.92
139206,5,9,500,2,55,303,0.606,234,diesel,2,10.8,0,1,bulk,0,67.16
186604,7,7,500,2,30,324,0.648,2,diesel,3,10.7,0,1,bulk,1,64.44
239916,10,9,1500,1,274,746,0.497,36,petrol,2,7.2,0,0,fragile,1,48.9
93769,3,9,300,3,234,210,0.7,116,diesel,4,16.6,1,1,fragile,0,78.15
95649,4,10,500,1,474,469,0.938,38,diesel,4,8.1,1,0,bulk,0,81.1
120566,6,7,1500,2,379,1423,0.949,58,electric,3,12.2,1,1,refrigerated,0,62.05
198409,7,9,800,2,137,460,0.575,5,diesel,3,13.6,0,1,bulk,0,65.01
220680,9,6,1000,1,386,482,0.482,92,diesel,3,8.7,1,1,refrigerated,1,49.03
235042,9,8,800,2,190,526,0.658,48,diesel,1,13.1,1,1,standard,0,61.09
276951,10,3,500,3,383,481,0.962,181,petrol,1,18,0,1,standard,0,44.82
39616,1,8,300,1,434,147,0.49,75,electric,4,7.6,0,1,hazardous,0,66.95
51257,2,9,800,1,493,612,0.765,145,diesel,4,6,0,0,refrigerated,0,87.15
94685,3,8,500,2,310,239,0.478,220,petrol,4,16.2,1,1,fragile,0,60.25
173618,7,2,500,2,71,340,0.68,111,petrol,4,15.2,0,0,hazardous,0,43.92
75344,4,8,1500,2,161,648,0.432,72,electric,3,10.6,0,1,bulk,2,56.28
250606,9,8,300,2,307,134,0.447,1,diesel,2,11.8,0,1,bulk,2,50.63
34362,2,9,500,2,87,316,0.632,325,diesel,4,13.7,1,0,standard,0,72.1
108682,5,10,800,1,363,627,0.784,27,petrol,3,8.5,1,1,standard,1,88.27
117785,4,6,500,2,239,290,0.58,26,petrol,4,11.4,1,1,hazardous,0,64.59
215957,9,7,500,2,106,301,0.602,177,diesel,1,13.8,1,1,standard,0,54.37
73091,2,9,500,2,464,247,0.494,127,diesel,4,12.2,1,1,standard,1,65.76
240192,10,6,800,3,248,547,0.684,124,petrol,2,19.1,0,1,standard,0,47.75
59162,2,10,300,3,241,167,0.557,28,petrol,5,17.9,0,1,standard,1,72.27
108326,4,7,800,2,46,725,0.906,269,diesel,3,11.8,1,1,hazardous,1,71.14
261109,7,6,1500,2,313,1430,0.953,16,diesel,2,14.5,1,1,standard,1,50.51
5598,0,10,500,1,35,401,0.802,96,petrol,4,9.5,1,1,standard,0,98.76
212730,8,7,800,2,59,356,0.445,108,petrol,1,14,1,1,standard,0,44.58
228040,7,4,800,2,420,474,0.592,1,diesel,3,15.9,1,1,standard,1,51.49
148064,5,7,300,1,386,291,0.97,46,diesel,4,9,1,1,refrigerated,0,67.27
261074,9,5,500,2,400,428,0.856,29,diesel,2,13.1,0,1,hazardous,1,58.21
43572,0,10,1500,1,289,816,0.544,10,diesel,4,7.1,1,0,standard,0,83.4
95777,4,6,500,2,306,434,0.868,166,diesel,4,10.8,0,1,refrigerated,0,77.44
252202,11,6,1000,2,397,783,0.783,1,petrol,3,14.1,0,0,standard,1,59.44
96098,3,10,300,3,135,152,0.507,12,diesel,3,18.7,1,0,standard,1,67.5
205466,7,7,800,2,265,751,0.939,99,petrol,1,15.1,0,1,bulk,0,52.82
35298,0,9,800,1,473,467,0.584,39,diesel,4,9.7,1,1,fragile,0,82.67
216781,9,9,800,2,460,709,0.886,93,diesel,3,14.2,1,1,standard,0,71.17
276109,10,5,1000,1,338,601,0.601,52,diesel,2,9.7,1,1,fragile,3,52.92
73365,1,10,500,3,302,407,0.814,27,petrol,5,18,1,1,bulk,0,83.34
104052,1,8,800,2,244,783,0.979,157,petrol,3,14.3,1,1,bulk,0,73.72
249489,12,3,800,1,189,351,0.439,133,diesel,2,10.1,1,1,bulk,3,38.46
232283,8,6,300,2,34,269,0.897,64,petrol,3,14,0,1,standard,1,59.62
235228,9,9,800,2,428,434,0.542,2,petrol,2,13.5,1,1,standard,0,63.85
151146,6,7,500,1,242,377,0.754,55,diesel,3,7.4,0,0,standard,1,73.7
55288,2,9,500,1,130,449,0.898,1,diesel,4,9.8,1,1,standard,0,89.39
28709,1,8,500,1,233,392,0.784,1,diesel,4,10,1,1,hazardous,0,87.55
44143,0,10,300,1,207,185,0.617,44,diesel,4,13.1,0,1,standard,0,85.2
256234,10,5,500,2,53,208,0.416,24,diesel,1,15.1,1,0,standard,0,40.7
178519,10,5,1500,3,486,967,0.645,27,petrol,3,19.5,0,0,refrigerated,0,51.82
240695,7,6,500,2,311,239,0.478,2,diesel,2,9.7,0,1,bulk,2,38.95
190553,8,9,300,2,451,289,0.963,42,electric,3,13,1,1,bulk,2,64.84
205479,8,6,500,2,100,264,0.528,1,diesel,3,13.3,0,0,refrigerated,0,53.9
87531,5,8,300,3,247,139,0.463,149,petrol,2,19.4,0,1,bulk,3,49.3
97277,6,10,1000,1,129,862,0.862,45,petrol,3,10,1,1,standard,0,91.4
123533,2,10,1500,2,31,649,0.433,72,diesel,5,13.1,1,1,hazardous,0,71.46
162945,6,10,500,3,344,332,0.664,141,petrol,2,18.9,1,1,fragile,0,57.12
209043,8,6,300,2,439,160,0.533,86,diesel,2,13.3,1,0,standard,0,58.5
162179,6,10,1000,2,288,586,0.586,1,diesel,4,11.3,1,1,standard,0,74.34
102172,5,8,1000,3,393,423,0.423,123,diesel,3,19.1,0,0,standard,0,47.69
1647,0,10,1000,3,340,634,0.634,170,diesel,4,18.4,1,1,standard,1,81.29
194599,6,7,300,2,363,173,0.577,121,diesel,4,10.1,1,1,bulk,2,59.45
120003,4,6,500,2,108,232,0.464,36,electric,4,13.1,0,1,hazardous,1,53.04
273560,10,4,500,2,406,411,0.822,87,diesel,2,14.6,0,1,fragile,0,56.87
171327,6,6,1500,2,257,886,0.591,75,petrol,3,12.9,1,0,fragile,2,53.79
11359,0,10,1000,2,434,960,0.96,257,petrol,4,10.9,1,1,bulk,0,83.93
237089,10,6,500,2,161,324,0.648,132,petrol,2,15.8,0,1,standard,1,49.12
231752,8,8,500,2,242,376,0.752,139,diesel,2,13.2,0,0,standard,0,64.92
279139,10,7,300,2,217,160,0.533,115,petrol,1,16.4,0,0,hazardous,1,49.98
157241,6,7,300,2,341,260,0.867,21,diesel,4,11.4,1,1,standard,1,73.53
190635,7,3,800,2,421,556,0.695,6,petrol,3,11.9,1,1,standard,1,51.32
51025,3,9,1000,1,479,459,0.459,2,diesel,5,6,1,1,bulk,0,77.75
159119,6,8,800,2,234,533,0.666,118,diesel,3,14,0,1,standard,0,61.48
202557,9,5,800,1,294,755,0.944,105,diesel,2,10,1,1,fragile,0,64.73
44629,1,8,1000,2,148,866,0.866,72,diesel,5,11.2,1,1,fragile,0,86.44
4790,1,10,800,1,73,330,0.412,21,petrol,5,9,1,0,refrigerated,0,81.44
2478,0,10,800,2,250,637,0.796,27,diesel,5,12.5,1,1,fragile,0,99.92
142794,5,6,1000,2,216,974,0.974,78,electric,4,12.4,1,1,fragile,1,67.26
55437,1,9,500,2,415,317,0.634,16,petrol,5,14.2,0,0,standard,0,71.12
210987,9,7,500,3,96,359,0.718,72,diesel,2,19.3,1,0,fragile,0,59.15
148189,5,5,300,2,311,285,0.95,64,petrol,2,16.1,1,1,fragile,0,57.14
141277,4,10,1500,2,446,1301,0.867,51,petrol,4,13,0,1,hazardous,1,80.68
165105,6,6,800,2,219,771,0.964,9,petrol,4,13.8,1,1,standard,0,65.58
182454,7,7,800,2,32,552,0.69,113,diesel,2,14,0,0,standard,0,61.74
180355,6,7,500,3,129,325,0.65,16,petrol,3,15.9,1,1,fragile,2,56.04
153112,6,7,500,2,298,307,0.614,1,diesel,3,16,0,1,bulk,1,61.5
222456,9,5,500,2,56,399,0.798,170,petrol,1,14.3,0,0,refrigerated,1,59.59
194907,6,9,800,2,82,601,0.751,48,diesel,2,14.3,0,1,bulk,0,67.96
103080,4,7,800,2,153,679,0.849,135,petrol,4,9.5,0,0,bulk,1,72.36
206043,8,7,300,2,353,146,0.487,1,diesel,4,14.2,1,0,hazardous,0,52.23
83859,3,10,300,1,304,170,0.567,77,petrol,4,7.8,1,1,refrigerated,0,75.13
85305,3,8,800,3,199,353,0.441,68,diesel,4,19.2,0,1,standard,1,54.76
12067,0,10,1000,1,257,402,0.402,42,petrol,5,9.3,1,0,hazardous,0,79.53
165911,5,7,500,2,253,294,0.588,4,electric,3,12.2,1,1,standard,0,67.08
165358,6,6,500,3,479,275,0.55,74,petrol,3,16,0,1,bulk,1,54.39
244256,11,8,1000,2,254,833,0.833,26,diesel,3,13.2,0,0,standard,1,61.19
221044,8,7,300,1,60,121,0.403,103,electric,2,10.1,1,1,standard,1,51.49
141757,6,6,800,2,401,678,0.848,9,diesel,3,15.6,0,0,standard,0,72.25
16185,0,10,300,1,498,253,0.843,1,petrol,4,9.5,1,1,standard,0,96.09
137575,6,7,800,2,237,654,0.818,17,electric,3,12.5,1,1,hazardous,0,79.27
60807,1,10,1500,2,253,1040,0.693,44,electric,5,15.1,1,0,fragile,1,73.62
28276,1,8,500,1,374,208,0.416,56,petrol,5,10.2,0,1,standard,1,69.28
195812,7,5,300,2,63,217,0.723,33,diesel,3,12.6,0,0,refrigerated,2,55.32
220896,9,7,800,3,490,526,0.658,135,electric,2,16.4,1,0,standard,2,46.99
226006,7,6,300,2,141,204,0.68,37,petrol,3,11.3,1,1,standard,0,59.89
4343,0,10,800,2,278,595,0.744,7,diesel,5,14.3,0,1,bulk,1,91.46
273868,12,6,1000,2,356,415,0.415,169,electric,2,15.6,1,0,standard,0,37.4
83534,3,8,1000,3,475,814,0.814,17,petrol,4,18.2,1,1,standard,2,74.67
111761,2,10,500,1,393,346,0.692,57,diesel,3,9,1,1,hazardous,0,77.93
270180,10,6,300,1,90,235,0.783,3,diesel,3,9.7,0,1,hazardous,1,61.43
180933,8,5,300,3,200,197,0.657,5,petrol,4,17.9,0,1,standard,1,51.55
72384,1,9,1000,1,425,584,0.584,50,petrol,4,9.5,1,1,standard,0,83.05
190837,7,6,500,2,319,401,0.802,18,petrol,3,11.6,0,1,standard,1,67.17
232451,8,9,500,2,478,478,0.956,13,diesel,3,13.6,1,0,refrigerated,0,62.98
186119,6,8,500,3,319,449,0.898,195,diesel,1,18.4,0,1,refrigerated,0,60.55
241553,9,7,800,3,202,408,0.51,22,petrol,2,17,1,1,hazardous,0,55.2
61953,4,10,1000,1,211,521,0.521,34,petrol,4,10.5,1,1,refrigerated,1,82.4
228600,9,6,500,2,295,439,0.878,58,diesel,1,10.1,1,0,standard,4,61.67
169864,7,7,300,1,174,204,0.68,32,diesel,2,9.1,1,1,fragile,0,65.73
184580,7,6,1500,1,174,1020,0.68,188,petrol,2,9.1,0,1,standard,1,55.45
117318,4,7,500,3,311,268,0.536,37,petrol,3,16.9,1,1,bulk,1,63.36
89069,2,5,500,2,85,396,0.792,4,diesel,4,15.4,1,0,refrigerated,1,78.87
168432,7,8,500,2,118,243,0.486,41,petrol,3,14.2,1,1,hazardous,0,58.77
71412,3,7,800,2,457,571,0.714,30,diesel,4,9.9,1,1,fragile,1,81.55
149665,6,6,500,2,210,225,0.45,230,diesel,2,14.1,1,1,hazardous,0,50.36
175469,6,9,1000,2,248,763,0.763,12,petrol,4,14,1,1,bulk,0,77.52
235431,10,7,300,2,449,268,0.893,85,diesel,3,10.7,1,0,bulk,0,61.35
231005,10,10,1500,2,299,719,0.479,175,petrol,2,12.2,1,1,hazardous,1,54.08
263260,10,6,500,1,489,215,0.43,89,petrol,1,10.7,0,0,fragile,0,38.82
163661,5,7,1000,3,255,676,0.676,56,petrol,4,17.7,1,0,refrigerated,0,63.84
149806,5,6,800,1,116,365,0.456,86,diesel,4,12.4,1,1,fragile,1,62.11
65076,0,8,300,2,37,248,0.827,3,diesel,5,10.9,1,1,bulk,1,87.7
201775,7,5,800,2,316,336,0.42,141,diesel,3,12,1,1,refrigerated,0,51.1
186300,7,8,800,1,270,690,0.862,34,diesel,3,11.5,1,1,standard,0,75.04
263414,10,6,300,2,408,160,0.533,38,petrol,2,12.3,0,1,standard,1,46.81
102609,4,10,800,3,396,404,0.505,37,petrol,3,17.4,1,1,standard,1,70.27
233841,10,8,800,1,456,668,0.835,176,petrol,2,9.6,0,1,fragile,0,71
97986,4,10,800,2,442,378,0.472,32,diesel,3,12.7,1,1,hazardous,0,68.09
159080,5,5,1500,3,254,1130,0.753,4,electric,4,16.9,1,1,standard,1,65.86
110757,3,8,300,2,404,200,0.667,10,petrol,4,15.7,1,1,standard,1,67.78
36398,0,10,500,3,465,352,0.704,365,petrol,2,16.8,1,1,standard,0,79.19
188260,8,7,300,1,413,225,0.75,53,petrol,2,8.2,0,1,fragile,1,71.91
37254,1,8,500,3,104,312,0.624,67,diesel,5,19.3,1,1,fragile,2,73.9
217900,6,3,1000,1,113,513,0.513,17,diesel,2,10.4,0,1,bulk,1,50.84
217149,9,6,1000,2,207,797,0.797,97,diesel,2,11.8,1,1,standard,2,65.12
183447,7,7,500,2,59,321,0.642,47,diesel,1,13.1,1,1,standard,1,61.07
38021,0,10,500,2,459,259,0.518,66,diesel,4,12,0,1,bulk,1,78.85
111672,5,7,500,2,41,305,0.61,89,diesel,4,14,1,1,fragile,0,70.08
1279,0,9,800,2,96,536,0.67,186,petrol,4,12.1,1,1,bulk,0,79.16
238195,9,6,800,3,234,675,0.844,23,diesel,1,18.9,0,1,fragile,0,53.55
71474,2,10,500,1,80,224,0.448,58,petrol,5,7.7,1,0,bulk,0,77.48
65207,3,9,1000,1,377,416,0.416,55,diesel,5,8.2,1,1,bulk,2,71.82
165345,6,4,1500,2,23,1289,0.859,5,diesel,3,10.8,0,1,standard,0,66.31
187099,7,6,800,1,127,325,0.406,5,electric,3,10,0,0,refrigerated,0,50.33
45653,1,8,1500,2,480,662,0.441,33,diesel,4,11.1,1,1,bulk,1,65.81
251041,9,4,800,3,301,750,0.938,51,petrol,3,18.9,0,0,bulk,1,41.74
786,0,10,1500,2,173,668,0.445,38,petrol,4,13,0,1,bulk,1,71.29
133468,5,7,1500,2,165,1459,0.973,33,diesel,3,16.6,1,1,refrigerated,1,65.97
186266,7,4,500,3,372,403,0.806,207,electric,3,20.2,0,1,fragile,2,55.43
130531,4,6,500,3,444,444,0.888,5,diesel,3,16.1,1,1,standard,0,68.54
59793,2,10,500,3,283,304,0.608,72,diesel,3,17.8,1,1,standard,1,73.48
112357,4,9,300,1,172,221,0.737,48,diesel,3,8,1,1,bulk,3,78.51
151154,4,5,500,2,355,222,0.444,36,diesel,2,14.5,1,0,standard,0,46
255716,11,4,1000,3,406,949,0.949,12,diesel,2,18.2,0,1,hazardous,3,38.11
194155,6,9,800,3,31,540,0.675,117,petrol,3,18.6,0,1,fragile,0,61.37
144300,7,7,300,2,494,170,0.567,24,diesel,3,12.6,0,1,hazardous,1,56.88
121485,4,6,1500,3,449,774,0.516,13,petrol,3,18.2,1,1,standard,3,60.75
55327,1,10,1000,3,168,517,0.517,68,petrol,5,21.6,1,1,standard,1,73.55
89530,2,7,1000,1,207,545,0.545,42,diesel,4,9.2,0,1,bulk,1,64.97
49088,2,9,500,3,49,375,0.75,140,petrol,4,20.2,1,0,standard,0,84.01
216004,8,6,500,2,156,284,0.568,13,diesel,3,16.2,0,1,standard,2,54.16
43362,1,10,1000,2,346,796,0.796,11,diesel,4,14.8,0,1,standard,0,87.56
209786,6,8,1500,1,148,738,0.492,46,diesel,2,10.5,0,0,refrigerated,0,51.14
234510,8,5,800,2,306,660,0.825,32,diesel,2,12.8,0,0,standard,0,58.35
233495,9,5,500,1,179,287,0.574,22,diesel,1,9,0,0,bulk,0,50.83
118226,5,6,500,3,103,281,0.562,115,petrol,4,15.3,1,1,fragile,1,63.58
209555,10,7,1000,2,431,538,0.538,53,diesel,2,12.2,0,1,hazardous,1,64.2
280319,11,4,1000,2,122,751,0.751,31,diesel,2,11.8,0,1,standard,0,57.28
79647,2,9,500,1,133,249,0.498,22,petrol,5,8,1,1,bulk,0,68.53
10374,2,10,800,1,88,581,0.726,154,petrol,4,8.1,1,1,bulk,0,99.04
9975,0,9,1000,1,251,555,0.555,14,petrol,5,7.3,1,1,standard,0,87.11
87739,4,5,1000,2,75,738,0.738,3,electric,3,10.5,0,1,refrigerated,2,67.1
268790,9,8,500,2,344,412,0.824,49,diesel,3,12.6,1,0,refrigerated,1,67.48
265853,10,5,300,1,236,289,0.963,46,petrol,3,10.4,1,0,fragile,1,54.86
186275,7,6,500,2,252,316,0.632,61,diesel,2,14.3,1,1,fragile,1,57.31
93295,2,8,500,1,162,331,0.662,49,petrol,4,6.2,0,1,bulk,0,74.95
197111,8,7,800,3,499,417,0.521,1,petrol,3,16.9,1,1,fragile,0,55.99
33201,1,10,500,3,121,482,0.964,108,petrol,5,18.8,1,1,standard,0,79.56
204503,9,4,300,2,360,120,0.4,69,diesel,3,11.8,0,1,bulk,0,38.26
34782,2,9,800,2,194,712,0.89,40,diesel,5,14.2,1,1,standard,0,86.74
23672,0,9,1500,3,188,1051,0.701,27,petrol,5,18,1,0,standard,1,80.24
92194,3,9,800,2,238,499,0.624,36,diesel,4,12.2,0,1,standard,0,72.76
166879,8,9,500,2,84,372,0.744,14,petrol,4,13.5,1,0,bulk,1,78.26
38860,1,9,1000,3,180,923,0.923,32,petrol,4,16.4,0,1,fragile,0,76.68
99382,4,6,1000,1,126,723,0.723,18,electric,3,10,0,1,fragile,0,75.69
149440,6,8,1500,2,416,1299,0.866,5,diesel,3,13.4,1,1,standard,0,79.17
217101,9,6,500,1,313,271,0.542,12,petrol,2,8.2,1,1,standard,1,66.87
59769,2,9,500,2,416,468,0.936,5,diesel,5,15,1,1,bulk,1,75.45
82242,5,9,500,2,50,371,0.742,26,petrol,4,13.1,1,1,bulk,0,85.9
97854,3,9,500,1,121,451,0.902,2,diesel,4,11.3,1,1,refrigerated,0,74.49
155745,5,5,1500,2,309,652,0.435,262,petrol,2,13.7,0,1,fragile,1,45.19
26874,0,8,500,3,293,295,0.59,41,diesel,3,17.3,1,1,standard,0,68.53
11939,0,9,800,1,142,559,0.699,32,diesel,5,9.1,1,1,hazardous,0,81.33
196363,8,7,800,3,236,378,0.472,92,petrol,2,18.4,1,0,standard,3,40.69
34172,1,10,1000,2,268,454,0.454,152,petrol,4,12.3,1,1,bulk,0,69.45
61556,2,10,500,3,425,240,0.48,173,petrol,4,17.6,1,1,fragile,0,66.02
41545,1,10,800,2,240,534,0.668,75,diesel,4,13.7,1,1,bulk,0,82.28
140514,5,8,300,2,99,262,0.873,130,electric,3,12.7,1,1,bulk,1,68.43
226429,8,4,300,2,347,263,0.877,63,electric,3,14.6,0,1,bulk,0,58.15
244386,10,7,800,2,133,679,0.849,70,diesel,1,15.3,1,1,standard,1,59.43
70823,2,9,800,2,337,693,0.866,4,petrol,4,13.6,0,0,fragile,1,82.87
151189,5,9,300,1,461,140,0.467,34,petrol,4,8.3,1,1,bulk,0,67.86
146205,4,8,300,2,321,183,0.61,10,petrol,4,12.9,1,1,standard,0,70.19
92431,4,7,1000,3,405,813,0.813,139,diesel,3,17,0,0,standard,2,65.92
179799,7,8,800,3,208,602,0.752,83,petrol,3,16.9,1,1,standard,0,72.98
198888,6,6,500,2,420,448,0.896,21,diesel,2,14,0,1,refrigerated,0,67.34
31177,1,10,1500,1,396,1207,0.805,15,diesel,4,8.9,1,1,refrigerated,0,98.26
252685,10,6,500,1,267,363,0.726,4,petrol,3,10,0,1,bulk,1,61.98
239046,9,7,500,1,494,420,0.84,22,petrol,4,9.6,1,1,bulk,0,75.65
216598,8,7,500,1,415,446,0.892,23,diesel,3,8.6,1,1,bulk,1,67.9
45398,3,8,500,2,372,437,0.874,74,diesel,5,15.9,1,1,standard,3,80.46
179179,6,9,500,2,132,372,0.744,142,diesel,3,14.2,1,1,standard,1,69.81
155743,7,10,500,1,454,321,0.642,33,electric,3,11.4,1,1,standard,0,79.4
247492,10,6,800,2,450,662,0.828,6,petrol,2,11.5,1,1,standard,2,53.67
33249,1,7,500,2,115,429,0.858,168,petrol,4,13.4,1,1,standard,1,84.18
95946,4,8,1000,2,455,942,0.942,284,diesel,2,11.6,1,1,standard,0,67.1
135564,5,8,500,3,103,457,0.914,195,diesel,3,20.7,0,1,hazardous,1,54.19
37039,0,9,1000,1,245,504,0.504,157,diesel,3,11.1,1,0,standard,0,79.83
204790,6,6,800,1,158,574,0.718,8,electric,3,10.5,1,0,fragile,2,66.63
170228,7,7,1000,2,440,510,0.51,134,petrol,2,9.4,1,1,bulk,2,59.3
178697,7,8,500,2,209,302,0.604,78,electric,2,13.9,1,0,bulk,0,62.38
14434,0,9,300,2,247,127,0.423,24,petrol,5,12.5,1,1,fragile,2,69.93
194093,8,5,800,3,112,596,0.745,67,diesel,3,17.7,0,0,standard,3,55.98
49696,0,8,1000,1,436,665,0.665,113,diesel,3,10.1,0,0,standard,0,76.28
13150,0,10,300,1,343,290,0.967,138,petrol,4,11.1,1,1,hazardous,1,90.26
274325,8,4,800,1,473,445,0.556,92,diesel,2,8.6,1,1,standard,2,50.32
71584,3,10,800,2,110,477,0.596,79,diesel,4,12.8,1,1,hazardous,0,75.52
51233,1,10,300,2,405,238,0.793,122,petrol,4,13.6,1,1,standard,1,89.67
99476,5,9,500,2,44,260,0.52,308,petrol,2,13.7,1,1,standard,0,75.17
135815,7,9,300,2,353,292,0.973,8,petrol,3,13.2,0,1,hazardous,0,71.6
256639,10,6,1000,2,201,722,0.722,123,diesel,2,9.4,0,1,bulk,1,57.92
117841,4,5,800,2,139,710,0.888,69,petrol,4,11.8,0,0,bulk,1,69.51
185873,5,7,1500,2,268,946,0.631,1,diesel,3,14.9,0,1,standard,1,55.34
197172,8,9,800,3,163,567,0.709,4,petrol,3,19.3,1,1,standard,0,71.03
93896,4,6,800,2,32,348,0.435,201,diesel,4,12.8,1,1,refrigerated,0,54.46
164890,6,7,300,2,36,209,0.697,8,diesel,3,15,1,1,fragile,0,67.92
76722,2,10,800,3,378,572,0.715,86,diesel,4,17.7,1,1,standard,0,80.37
265059,11,3,500,1,375,451,0.902,66,petrol,3,11.5,1,0,hazardous,2,47.41
85091,5,10,1000,2,117,927,0.927,92,petrol,5,15.3,1,1,standard,0,80
21707,1,9,500,3,41,236,0.472,10,electric,4,17.8,1,1,bulk,1,63.69
79967,3,10,1500,2,39,1228,0.819,141,diesel,4,13.9,1,0,standard,1,81.8
31904,0,10,800,3,194,392,0.49,14,diesel,5,16.7,1,1,bulk,1,66.29
229681,9,4,1500,2,309,953,0.635,41,diesel,1,13.5,1,0,standard,1,51.06
12480,1,10,800,3,41,375,0.469,50,diesel,5,20.1,1,0,bulk,0,72.6
174772,6,6,500,2,440,369,0.738,7,petrol,3,9.9,0,1,standard,1,70.18
52305,2,8,800,1,95,468,0.585,57,diesel,5,8.1,0,0,standard,0,80.34
39952,0,10,800,2,388,747,0.934,56,diesel,4,9.6,1,1,fragile,0,82.41
39198,1,10,800,2,164,530,0.662,112,petrol,4,14,0,1,standard,1,82.76
270101,11,3,500,2,202,347,0.694,3,diesel,2,12.9,1,1,standard,0,46.12
160136,5,7,1000,2,234,511,0.511,34,petrol,4,14.7,1,0,refrigerated,0,63.31
45657,2,9,300,2,389,204,0.68,176,electric,3,11.4,1,0,fragile,2,73.35
205235,8,6,300,1,57,166,0.553,38,diesel,3,7.3,1,1,bulk,3,58.27
60095,2,10,500,2,401,256,0.512,26,diesel,4,12.7,1,1,hazardous,0,82.82
251746,9,5,800,3,288,569,0.711,18,diesel,3,19.2,1,1,standard,0,57.01
101874,3,10,300,2,273,288,0.96,103,petrol,3,13.4,1,0,bulk,0,71.71
127725,4,9,500,2,170,403,0.806,16,petrol,4,13,1,0,standard,2,79.89
271238,9,4,500,1,482,247,0.494,21,petrol,2,10.1,0,1,bulk,2,37.08
258384,11,6,1500,2,211,1225,0.817,31,diesel,3,12.7,0,0,fragile,1,57.42
226753,8,7,800,2,461,731,0.914,25,petrol,3,12.6,0,1,standard,1,54.18
204035,7,5,500,2,168,380,0.76,62,petrol,1,12.7,1,1,hazardous,1,61
66995,2,7,800,2,408,364,0.455,4,diesel,4,12.8,1,0,refrigerated,2,65.22
114257,4,9,300,2,326,293,0.977,54,diesel,4,12.6,1,1,fragile,0,73.32
185535,7,8,300,3,202,190,0.633,98,diesel,2,17.8,1,1,standard,1,54.22
280653,11,9,300,3,489,266,0.887,68,diesel,3,17.8,0,0,standard,0,61.61
118458,1,10,500,2,449,218,0.436,54,petrol,4,12.8,1,1,standard,0,69.02
201364,9,7,500,3,58,430,0.86,42,diesel,3,18.9,0,1,standard,1,62.61
211194,7,7,800,2,211,708,0.885,17,diesel,2,12.3,1,1,refrigerated,0,68.49
210827,8,7,500,3,441,225,0.45,63,diesel,4,18,1,1,standard,1,47
127267,4,10,500,3,193,201,0.402,19,petrol,3,15.2,1,1,refrigerated,0,60.64
80939,3,10,1500,1,396,961,0.641,17,diesel,3,8.9,1,1,fragile,1,74.37
119954,3,6,500,1,68,489,0.978,1,petrol,3,8.9,0,0,hazardous,1,64.43
261418,9,5,300,1,303,280,0.933,94,diesel,3,7.6,1,0,bulk,0,56.61
199432,6,9,800,2,481,758,0.948,69,diesel,2,13.6,0,1,bulk,1,62.15
161920,6,6,500,2,474,325,0.65,99,electric,3,12.6,0,1,standard,1,59.09
87405,4,9,800,2,224,781,0.976,9,electric,3,13,1,1,standard,0,72.49
165622,7,8,800,2,386,769,0.961,31,diesel,3,13.5,1,0,standard,0,64.62
186732,6,5,1000,2,118,519,0.519,82,diesel,2,13.3,1,1,fragile,1,53.38
60317,2,7,1000,2,260,811,0.811,1,diesel,4,15.6,1,1,hazardous,1,81.54
41259,1,9,500,2,209,398,0.796,15,electric,4,12.9,1,1,fragile,0,86.57
125545,4,7,1000,2,243,930,0.93,15,electric,4,12.2,0,1,standard,1,68.65
221053,7,6,500,3,320,325,0.65,31,diesel,3,20,1,0,refrigerated,0,53.06
263389,10,7,800,3,405,737,0.921,61,electric,2,19.2,1,1,standard,0,61.4
105931,5,5,1500,3,329,1013,0.675,81,diesel,3,18.5,0,0,standard,1,54.07
134313,6,8,300,3,333,270,0.9,1,electric,3,17.1,1,1,refrigerated,1,78.71
119793,4,8,500,1,460,406,0.812,48,petrol,5,8.9,1,1,bulk,0,85.46
179588,7,6,500,2,334,389,0.778,60,petrol,3,11.1,1,1,standard,0,71.41
194681,7,7,1500,2,424,1401,0.934,28,diesel,2,11.5,1,1,standard,0,60.4
37021,2,8,300,1,438,223,0.743,20,diesel,5,9.2,1,1,bulk,2,87.25
149025,5,9,800,2,403,423,0.529,3,diesel,4,13,1,0,fragile,2,66.04
76161,3,5,800,3,192,491,0.614,38,diesel,4,17.9,0,0,bulk,0,57.46
35073,2,8,1000,2,307,863,0.863,1,diesel,5,13.2,1,0,bulk,0,84.6
221999,11,9,500,2,418,371,0.742,1,diesel,3,14,1,1,bulk,0,69.88
15712,0,9,800,1,372,498,0.622,16,diesel,5,8.5,1,1,hazardous,0,87.53
117916,3,8,1500,2,453,629,0.419,58,diesel,3,12.6,1,1,standard,1,60.4
78247,4,7,500,1,305,214,0.428,62,diesel,4,8.5,0,1,bulk,0,62.23
93116,3,7,1000,2,276,865,0.865,28,petrol,3,12,1,1,standard,0,79.59
117289,5,9,800,2,206,630,0.788,20,diesel,4,13.4,1,0,hazardous,2,75.85
125984,7,8,500,2,466,409,0.818,43,electric,3,9.7,1,1,fragile,0,76.03
192810,7,8,800,3,20,764,0.955,152,petrol,3,17.2,1,1,fragile,0,60.75
274436,11,7,300,1,208,235,0.783,147,electric,1,10.5,1,1,bulk,2,63.42
183957,7,7,800,1,91,737,0.921,93,diesel,2,8.5,0,1,standard,1,60.14
28182,1,9,500,2,149,441,0.882,79,petrol,5,13.7,0,0,bulk,2,80.03
54759,2,7,300,2,318,253,0.843,24,diesel,4,14.3,1,1,standard,1,86.72
232034,10,2,800,3,59,452,0.565,30,petrol,3,14.6,1,0,standard,0,40.36
238020,11,8,300,2,265,205,0.683,2,diesel,3,13.4,1,1,bulk,2,50.9
176755,5,7,500,1,364,452,0.904,150,diesel,3,8.4,1,0,standard,1,63.65
73805,3,10,500,2,377,378,0.756,19,diesel,4,12.8,1,1,refrigerated,1,89.38
29319,0,10,800,2,284,421,0.526,15,diesel,5,11.6,0,1,bulk,0,80.22
186314,8,7,800,2,233,432,0.54,4,petrol,3,14.8,1,1,standard,2,63.91
165329,7,9,500,3,420,474,0.948,95,petrol,2,17.4,0,1,bulk,0,58.59
273370,11,4,1000,2,321,495,0.495,82,diesel,2,10.2,0,1,standard,1,41.18
26827,1,10,500,1,393,455,0.91,55,petrol,4,7.9,0,1,hazardous,1,82.53
135621,5,10,1000,3,227,903,0.903,22,petrol,3,16.7,1,1,bulk,0,68.57
216179,10,4,500,1,267,239,0.478,133,diesel,3,9.8,1,0,hazardous,0,49.72
114316,3,8,500,2,168,286,0.572,33,diesel,3,13.5,1,0,standard,3,62.39
94662,4,9,300,3,102,199,0.663,6,diesel,4,17.5,0,1,fragile,1,68.79
6358,0,9,800,2,452,533,0.666,27,diesel,5,14.3,1,1,hazardous,1,74.52
204081,7,4,1000,2,490,505,0.505,4,petrol,3,13,1,1,bulk,3,55.92
106437,6,7,1500,1,293,1372,0.915,14,diesel,4,9.6,0,0,fragile,2,62.92
135796,6,8,300,3,329,126,0.42,54,diesel,3,16.6,1,1,bulk,0,58.12
180525,8,4,1000,2,235,462,0.462,12,petrol,3,11.3,1,1,hazardous,1,52.96
51594,3,6,300,1,266,274,0.913,20,petrol,4,8.5,1,1,standard,2,66.78
60442,2,9,300,2,157,289,0.963,8,diesel,4,13.2,1,0,standard,0,74.94
216542,9,6,500,1,350,431,0.862,13,electric,3,8.6,1,0,standard,0,72.26
14260,0,8,300,3,417,179,0.597,8,diesel,5,19.3,1,1,bulk,0,77.14
198410,6,7,500,1,301,305,0.61,58,diesel,3,10.8,0,0,refrigerated,0,57.63
208272,8,6,800,2,314,503,0.629,69,petrol,2,12.5,1,1,standard,0,55.43
8091,2,9,800,1,84,717,0.896,37,diesel,5,8.2,1,1,standard,2,95.14
51238,0,10,1500,2,60,905,0.603,4,petrol,4,12.3,0,1,fragile,1,77.1
115523,3,9,800,3,301,532,0.665,30,petrol,4,16.6,0,1,standard,0,59.98
81869,3,10,300,2,137,195,0.65,5,diesel,4,11.7,1,1,standard,0,80.59
67737,3,10,1000,2,499,843,0.843,37,diesel,4,14.4,1,1,standard,0,87.14
267933,11,4,500,1,218,387,0.774,76,diesel,3,9.3,1,1,hazardous,1,59.78
91662,4,9,800,1,473,451,0.564,18,petrol,4,10.2,1,1,standard,0,87.86
222031,10,6,1000,3,152,672,0.672,74,diesel,1,17.6,1,0,hazardous,0,45.69
132789,6,7,800,1,498,423,0.529,27,electric,4,8.3,0,1,standard,0,72.48
202600,8,6,500,3,213,247,0.494,14,diesel,3,19.3,0,1,bulk,0,42.97
202715,8,5,1000,2,297,734,0.734,175,diesel,2,15.5,0,0,bulk,0,57.38
135956,3,7,500,1,163,291,0.582,23,petrol,4,7.3,0,0,fragile,0,66.38
120900,5,8,1500,3,201,1441,0.961,108,diesel,3,21.2,1,0,standard,1,63.41
164536,5,9,800,2,418,724,0.905,8,petrol,4,12.7,1,0,bulk,0,67.98
59507,3,10,500,1,62,205,0.41,24,electric,4,9.7,1,1,bulk,0,76.35
70944,2,10,800,1,415,541,0.676,30,diesel,4,12,0,1,standard,1,79.35
29522,2,10,800,2,161,399,0.499,11,petrol,5,16.2,1,1,bulk,1,73.76
104846,3,7,1000,1,333,862,0.862,2,diesel,4,9.2,1,1,fragile,0,83.37
277636,11,3,1000,1,247,911,0.911,44,diesel,3,9.9,1,0,fragile,3,44.12
186474,7,6,1000,2,178,943,0.943,11,petrol,2,14,1,1,standard,1,65.27
139797,5,8,800,2,200,322,0.402,23,diesel,3,13.4,1,1,bulk,1,61.36
155379,6,8,500,2,431,403,0.806,37,diesel,2,13.4,1,1,standard,0,74.66
191864,5,7,1000,3,418,869,0.869,105,diesel,2,18.8,0,1,bulk,0,62.91
79299,2,9,500,1,43,234,0.468,162,petrol,5,6.9,1,0,standard,1,65.34
210285,6,5,500,1,242,349,0.698,234,petrol,2,10.5,0,1,standard,1,54.08
227894,11,8,800,2,306,471,0.589,34,diesel,3,14.9,0,1,standard,0,58.05
32415,0,10,1500,2,252,879,0.586,35,petrol,4,14,1,1,bulk,1,84.57
84158,2,9,500,2,114,221,0.442,21,diesel,4,13.9,1,1,fragile,0,68.68
256013,11,7,1000,2,236,624,0.624,29,diesel,2,13.5,1,1,fragile,0,53.58
127352,5,8,300,3,341,244,0.813,11,diesel,4,17.5,1,0,refrigerated,0,71.66
72341,1,7,500,1,496,277,0.554,72,diesel,5,6.6,1,1,standard,0,83.68
31800,0,10,1000,1,22,672,0.672,12,diesel,4,7.6,1,1,standard,0,85.5
40966,1,8,1000,2,487,719,0.719,5,diesel,5,14.1,1,1,standard,1,92.18
61888,1,6,800,2,116,755,0.944,83,petrol,4,11.4,0,1,standard,1,63.97
189956,9,6,500,1,486,484,0.968,38,diesel,2,8.8,0,0,standard,0,61.13
82223,3,6,1000,1,218,439,0.439,75,diesel,4,8.8,1,1,refrigerated,2,66.16
186852,6,6,500,2,294,315,0.63,123,diesel,4,12.8,1,1,refrigerated,0,60.96
68070,1,9,500,3,351,343,0.686,37,petrol,4,21.6,1,1,fragile,0,73.02
138888,5,6,1000,3,425,911,0.911,12,diesel,2,18.6,0,0,standard,1,49.27
258148,11,5,500,2,402,418,0.836,54,diesel,2,11.9,1,0,standard,3,57.18
44761,1,10,1500,2,253,1414,0.943,3,diesel,5,15.9,0,1,refrigerated,1,82.39
94727,3,10,1000,2,223,941,0.941,116,diesel,4,12.2,1,1,standard,1,71.86
162368,6,8,500,3,428,241,0.482,1,diesel,3,18.7,1,0,bulk,1,47.85
175144,6,7,800,3,387,502,0.628,49,diesel,3,18,0,1,standard,1,51.23
182874,7,8,1500,2,202,761,0.507,10,diesel,4,14.4,0,1,bulk,0,66.09
78954,2,10,1500,1,103,959,0.639,44,diesel,4,8.5,1,1,fragile,0,83.59
100912,7,7,500,2,342,409,0.818,3,electric,3,15.2,1,1,standard,1,83.38
191093,9,7,1000,3,27,928,0.928,1,petrol,3,19.8,1,1,standard,2,54.6
149936,5,6,800,1,406,528,0.66,74,petrol,4,10.3,0,1,refrigerated,1,69.84
195076,7,7,500,2,347,364,0.728,56,petrol,4,11.8,1,1,bulk,0,71.55
235288,9,5,500,2,403,233,0.466,145,electric,2,12.1,0,0,bulk,1,38.17
220193,8,3,300,2,194,176,0.587,365,petrol,1,9.5,1,0,standard,0,46.26
274913,11,7,500,1,230,401,0.802,85,petrol,2,11.4,0,1,bulk,1,63.89
183274,5,7,1000,2,377,703,0.703,16,diesel,4,12.7,1,1,bulk,1,64.75
120126,5,8,1500,1,214,752,0.501,19,diesel,2,7.7,1,0,refrigerated,1,68.17
39208,1,10,1500,2,370,1300,0.867,111,petrol,5,13.4,1,1,standard,2,90.56
237952,9,4,800,2,316,717,0.896,27,diesel,3,12.4,1,0,standard,0,60.49
275932,12,7,1000,2,209,880,0.88,21,petrol,2,13.3,0,1,bulk,1,66.46
165050,6,6,1000,1,430,830,0.83,139,petrol,3,8,0,1,standard,0,69.63
235984,10,4,800,2,270,683,0.854,12,petrol,3,13.7,0,1,bulk,0,61.84
206042,8,7,800,3,283,372,0.465,113,petrol,2,18.3,1,1,fragile,1,46.22
218151,9,5,800,2,350,477,0.596,40,diesel,3,11.4,0,0,fragile,2,48.99
62158,2,8,500,2,464,452,0.904,98,electric,4,14.5,1,1,bulk,0,66.25
138691,4,7,300,2,75,220,0.733,52,diesel,4,12.6,1,1,bulk,0,79.03
40136,2,10,1000,1,131,653,0.653,109,diesel,5,7.7,1,1,bulk,0,86.21
170131,7,5,1000,2,158,800,0.8,36,petrol,3,11.8,1,1,fragile,0,73.34
252814,10,7,300,2,290,193,0.643,62,diesel,2,14.2,1,0,fragile,0,57.8
267735,11,5,800,2,331,662,0.828,22,diesel,2,14.4,1,1,standard,4,58.18
95100,3,8,800,1,181,326,0.408,141,petrol,3,10,1,1,bulk,0,58.41
87676,4,8,300,3,374,273,0.91,42,diesel,4,18.7,1,1,fragile,1,65.42
69660,5,7,1000,2,20,759,0.759,168,diesel,3,12.4,1,1,refrigerated,2,75.66
186228,7,7,1000,3,434,592,0.592,74,petrol,2,16.8,1,1,standard,0,59.83
64195,4,9,1500,2,360,900,0.6,365,petrol,3,12.6,1,0,bulk,0,71.94
273082,11,7,300,1,189,258,0.86,136,diesel,2,10.2,0,1,bulk,1,61.81
159528,6,6,500,1,52,241,0.482,119,petrol,3,8.9,1,1,fragile,0,53.65
126196,4,9,800,2,348,449,0.561,27,petrol,4,11.4,1,1,standard,0,71.88
251630,10,5,300,2,461,211,0.703,45,diesel,2,12.4,1,1,standard,0,63.25
265251,9,3,500,2,423,293,0.586,78,electric,2,14.3,1,1,bulk,2,39.79
196197,8,6,800,1,365,414,0.518,29,petrol,4,7,1,0,bulk,0,60.89
46025,3,7,800,2,184,483,0.604,135,diesel,4,12,1,1,standard,3,69.41
74096,3,9,800,2,298,720,0.9,19,diesel,5,12.3,1,1,standard,0,89.66
243495,10,6,500,2,234,425,0.85,33,diesel,3,15.8,0,0,standard,1,61.21
111187,5,9,800,2,476,472,0.59,56,diesel,4,15.8,1,1,refrigerated,0,70.02
52017,3,9,300,2,252,235,0.783,36,petrol,4,11.8,1,0,bulk,1,83.57
94359,3,8,800,2,471,382,0.478,151,diesel,4,12.1,1,0,bulk,1,57.92
230992,9,7,800,2,338,488,0.61,89,diesel,2,12.5,1,0,standard,2,54.27
27564,0,10,300,2,411,124,0.413,67,diesel,4,14.4,1,1,refrigerated,0,70.68
216716,9,7,500,2,444,282,0.564,15,electric,3,11.8,0,0,standard,0,56.64
239609,11,6,500,1,489,385,0.77,68,electric,1,9.2,0,1,bulk,0,63.32
203711,7,5,800,2,285,783,0.979,52,petrol,3,13.6,0,1,hazardous,0,60.85
54512,4,8,300,1,385,172,0.573,53,electric,3,10.5,1,0,standard,2,68.71
72891,4,10,500,2,331,281,0.562,57,petrol,5,15.2,1,0,fragile,2,71.09
219449,8,5,500,2,260,215,0.43,272,diesel,2,10.7,0,1,standard,2,37.35
109446,3,9,800,1,190,520,0.65,24,diesel,4,10.1,0,1,fragile,0,78.54
215738,8,6,1000,2,487,745,0.745,30,diesel,2,12.6,0,1,standard,1,64.45
270000,11,4,800,1,150,525,0.656,37,diesel,1,6.5,1,0,refrigerated,0,54.78
13644,0,10,1000,2,423,464,0.464,37,petrol,5,15,1,1,fragile,0,72.77
247500,9,7,500,3,101,366,0.732,82,petrol,3,16.7,0,1,standard,0,59.79
7605,0,9,1000,2,485,525,0.525,16,diesel,5,14.4,0,1,standard,0,78.2
21779,0,10,300,1,39,201,0.67,70,petrol,5,7.1,0,1,standard,0,84.18
270725,11,4,500,2,111,265,0.53,109,diesel,1,12.2,1,1,bulk,1,46.19
246588,9,5,800,2,499,473,0.591,13,petrol,2,11,1,1,fragile,1,45.51
188486,7,8,1000,2,318,438,0.438,18,diesel,3,14.5,1,0,standard,0,51.31
166868,6,8,1000,2,443,659,0.659,16,electric,4,12.6,1,1,standard,0,67.6
23537,1,9,1000,2,261,521,0.521,101,diesel,4,11.2,1,1,refrigerated,0,83.03
243438,9,7,800,2,61,752,0.94,22,diesel,1,12.3,1,1,hazardous,0,57.21
196851,6,7,800,3,360,457,0.571,123,petrol,2,19.5,0,1,fragile,1,56.96
268442,11,3,300,3,178,162,0.54,19,diesel,2,20.9,0,1,standard,2,45.49
29187,0,9,1500,3,84,864,0.576,93,petrol,4,17.3,1,0,standard,0,68.5
93466,3,10,300,3,104,243,0.81,149,diesel,2,16,1,1,standard,0,77.82
273980,9,6,300,3,352,276,0.92,39,petrol,2,18.1,1,0,standard,1,49.12
15219,2,10,1000,2,57,767,0.767,126,petrol,4,11.5,1,1,bulk,0,96.71
180523,6,8,800,3,148,779,0.974,7,diesel,3,19.1,0,0,bulk,0,55.54
35430,2,10,1000,2,213,678,0.678,5,petrol,5,10.2,1,0,standard,0,76.78
75110,4,10,800,3,69,705,0.881,62,petrol,4,21.1,0,1,bulk,1,73.69
61546,3,10,500,1,418,278,0.556,101,diesel,4,9.7,1,1,bulk,0,83.96
72238,2,8,500,2,453,430,0.86,37,petrol,4,10.2,1,1,fragile,1,81.63
182326,5,5,500,2,111,455,0.91,86,petrol,3,10.8,0,1,fragile,1,55.9
59054,1,8,500,2,292,479,0.958,177,diesel,4,13.5,1,0,standard,0,75.54
165358,5,7,800,2,438,705,0.881,176,diesel,3,10.9,1,1,standard,1,71.81
60817,2,10,500,2,90,451,0.902,18,electric,5,13.4,1,1,refrigerated,0,83.63
20301,0,9,500,3,490,244,0.488,7,diesel,4,15.2,1,1,standard,0,69.24
5461,2,10,500,2,276,429,0.858,62,diesel,5,13.4,1,1,hazardous,0,90.43
158061,5,8,800,3,126,481,0.601,1,diesel,3,20.9,1,0,standard,0,59.52
151240,4,6,500,2,378,244,0.488,15,diesel,4,12.7,1,1,fragile,1,54.88
4488,0,9,500,2,45,480,0.96,80,diesel,5,13.2,0,0,bulk,0,81.42
189303,9,7,1000,2,490,870,0.87,2,petrol,2,12.5,1,1,fragile,1,68.68
4973,0,9,300,3,199,221,0.737,64,petrol,4,17.8,1,1,refrigerated,0,86.47
27640,1,10,500,1,95,238,0.476,21,petrol,5,11.6,1,1,bulk,0,77.11
272975,10,6,1500,2,230,1117,0.745,42,diesel,2,15.4,1,1,bulk,0,66.91
131380,4,6,1500,2,177,1434,0.956,133,diesel,3,10.6,1,1,standard,0,68.87
50579,4,8,500,3,66,247,0.494,51,petrol,4,17.1,0,1,standard,0,56.73
139823,6,6,300,2,419,229,0.763,101,diesel,3,12.4,1,1,fragile,0,66.54
46047,1,10,1500,1,100,1396,0.931,16,diesel,4,6,1,1,hazardous,0,86.66
127707,3,10,300,1,304,151,0.503,97,diesel,4,10,1,1,standard,1,73.08
70394,3,10,500,2,284,359,0.718,235,diesel,4,10.1,1,1,bulk,0,88.24
269083,10,7,500,3,239,412,0.824,14,diesel,2,18.4,1,1,standard,0,57.25
275856,11,6,500,1,214,417,0.834,284,diesel,2,8.3,1,1,standard,0,67.86
102665,4,8,1500,3,260,1158,0.772,12,electric,3,17,1,1,hazardous,1,80.39
272015,9,2,800,2,42,513,0.641,79,diesel,2,13.8,1,0,standard,1,39.73
163269,6,7,300,1,195,157,0.523,36,diesel,3,9.5,0,1,fragile,2,60.02
243139,10,7,800,1,365,575,0.719,38,diesel,2,12.2,0,0,bulk,0,69.38
99120,4,8,300,3,497,264,0.88,16,diesel,4,17.8,1,0,standard,0,78.24
5662,0,10,300,3,410,207,0.69,61,petrol,5,16.2,1,1,standard,0,79.18
113354,3,10,800,3,337,631,0.789,10,diesel,3,19.7,0,0,standard,2,72.34
35416,1,10,1500,2,493,843,0.562,130,electric,4,13,1,1,standard,1,83.31
37782,2,10,800,3,78,644,0.805,154,diesel,3,20.3,1,1,fragile,0,78.82
97538,4,5,1000,3,265,425,0.425,61,diesel,4,18.2,1,1,standard,2,53.44
18614,1,10,800,1,360,424,0.53,131,diesel,4,9.1,1,1,bulk,0,90.19
43497,2,9,500,1,189,354,0.708,1,diesel,4,11.3,1,1,bulk,0,87.46
98588,4,9,500,2,446,464,0.928,4,petrol,4,13.9,1,0,fragile,1,66.33
145595,6,6,800,1,66,671,0.839,9,diesel,4,8.2,1,1,fragile,1,76.74
207636,8,5,1500,2,434,1137,0.758,114,diesel,2,12.7,1,1,standard,0,67.81
113075,4,8,800,2,125,379,0.474,173,petrol,4,12.8,0,0,refrigerated,1,53.35
162268,6,6,1000,2,63,613,0.613,14,diesel,3,15.8,1,1,bulk,0,60.74
100064,3,6,500,1,149,345,0.69,14,petrol,4,10.4,1,0,standard,1,71.78
102053,3,9,1000,2,274,902,0.902,182,petrol,2,13.5,1,0,refrigerated,0,69.63
140458,5,5,1500,2,78,830,0.553,20,diesel,4,13.5,1,1,fragile,2,61
247679,8,4,500,1,225,472,0.944,68,petrol,2,7.9,1,1,standard,0,51.99
217277,9,7,300,2,392,144,0.48,11,petrol,3,13.3,0,1,standard,1,53.47
202461,8,7,300,3,454,193,0.643,90,diesel,3,17.3,0,1,standard,1,54.33
16054,0,8,300,2,441,281,0.937,124,diesel,4,14.4,1,1,bulk,2,76.9
33199,2,9,500,1,213,467,0.934,4,diesel,4,13.9,1,1,refrigerated,0,85.85
81277,1,6,300,1,418,189,0.63,44,diesel,4,8.4,1,1,hazardous,0,73.59
24693,0,10,1500,2,369,874,0.583,198,petrol,5,12.6,1,1,fragile,0,78.15
256563,9,5,1000,2,314,816,0.816,23,diesel,1,12.4,1,1,standard,0,63.38
205939,8,4,800,2,365,750,0.938,16,diesel,4,10.1,0,0,bulk,0,54.09
73755,2,9,800,2,300,647,0.809,7,diesel,5,12.6,1,1,bulk,0,87.72
90326,4,8,500,2,424,364,0.728,190,diesel,3,14,0,1,bulk,0,76.5
117471,5,8,800,2,465,767,0.959,4,diesel,4,12,1,1,hazardous,0,72.25
278498,11,4,800,2,362,503,0.629,50,electric,3,13.6,1,1,standard,2,50.93
77515,1,9,1000,2,205,495,0.495,26,diesel,4,11.6,1,0,bulk,0,67.9
197677,6,7,1000,2,223,465,0.465,2,diesel,3,11.6,0,0,fragile,2,47.04
31773,2,10,800,2,296,754,0.942,97,diesel,5,11.8,1,0,bulk,2,82.53
115203,5,10,500,2,30,352,0.704,20,diesel,3,15.7,1,0,standard,2,78.39
256573,11,3,800,2,422,424,0.53,66,petrol,2,13.1,1,1,bulk,2,45.81
219150,8,6,1000,2,152,506,0.506,56,petrol,2,13,1,1,standard,0,55.44
136172,4,8,800,2,452,418,0.522,110,electric,3,15,1,1,bulk,1,63.51
3779,0,10,1000,3,113,961,0.961,365,diesel,4,17.6,1,1,fragile,0,77.54
30999,0,9,800,1,176,691,0.864,12,diesel,5,10.4,1,1,refrigerated,1,94.92
166535,6,9,1000,1,302,851,0.851,73,electric,3,7.8,1,0,standard,0,78.8
193634,7,8,300,2,410,156,0.52,58,petrol,3,13.1,1,1,refrigerated,0,65.67
112595,5,7,800,2,116,542,0.678,35,diesel,3,12.5,1,0,standard,1,71.17
138702,6,9,300,2,359,131,0.437,47,diesel,3,12.7,0,1,standard,0,61.86
231245,9,4,500,2,122,309,0.618,27,electric,3,12.7,0,1,bulk,1,53.3
230954,9,3,800,3,107,417,0.521,62,diesel,4,19.5,0,1,bulk,2,39.51
134767,5,8,500,2,118,414,0.828,20,diesel,4,14.1,0,1,fragile,0,78.47
147529,5,8,500,1,229,283,0.566,68,diesel,4,7.8,1,0,standard,0,70.21
259519,11,4,300,1,27,215,0.717,36,petrol,1,6.9,1,1,fragile,1,55.98
24914,0,9,1500,2,359,1392,0.928,18,diesel,5,11.9,1,1,standard,1,82.39
48514,0,8,300,2,93,289,0.963,30,diesel,4,15.1,1,1,standard,2,77.82
256603,9,5,500,3,52,483,0.966,35,diesel,3,17.8,1,1,refrigerated,1,47.56
95103,4,10,300,2,437,188,0.627,63,diesel,3,14,1,1,standard,0,70.66
61813,3,7,1000,3,281,667,0.667,18,diesel,4,17.8,1,1,standard,4,66.05
31719,1,10,500,2,313,353,0.706,11,diesel,4,12.3,0,1,fragile,0,87.15
221097,8,4,800,2,56,598,0.748,94,petrol,2,7.8,1,0,standard,1,61.07
108118,1,7,800,3,149,548,0.685,55,petrol,3,15.9,1,1,hazardous,0,64.95
66350,1,7,1000,2,71,497,0.497,74,electric,4,13.3,1,0,bulk,2,57.96
243378,9,7,800,2,418,354,0.442,107,diesel,3,12.7,1,0,standard,1,46.26
179985,7,6,800,3,158,661,0.826,113,petrol,2,19.9,0,1,standard,0,62.42
100368,5,5,500,1,496,376,0.752,15,petrol,3,11.9,1,0,standard,0,73.56
61310,1,10,800,3,146,651,0.814,7,diesel,4,16.5,1,1,standard,0,88.66
171584,8,7,500,2,110,370,0.74,36,electric,3,11.8,1,1,standard,0,80
265022,8,6,800,3,336,535,0.669,47,petrol,1,16.8,1,0,fragile,0,53.36
178468,6,8,1000,2,261,803,0.803,50,diesel,2,14.3,1,1,standard,2,68.71
236192,9,7,500,1,79,227,0.454,213,diesel,1,8.7,0,1,bulk,0,45.29
94093,2,10,1000,1,305,958,0.958,21,diesel,4,9.1,1,1,standard,0,85.99
184388,7,7,1000,1,458,767,0.767,83,electric,3,9.1,1,0,hazardous,2,66.46
22737,0,9,800,3,150,457,0.571,6,petrol,3,18.2,1,0,fragile,0,73.62
20768,0,8,500,2,256,365,0.73,77,electric,4,12.5,1,0,standard,0,90.04
101443,2,5,1000,2,200,432,0.432,63,petrol,4,12,1,1,standard,1,57.23
47371,1,8,1000,1,215,935,0.935,7,diesel,4,10.3,1,1,standard,1,78.51
97844,3,9,800,2,464,349,0.436,81,petrol,4,12.6,1,1,standard,0,63.54
7258,0,9,500,2,356,435,0.87,29,electric,5,12.6,1,1,fragile,0,90.32
213576,9,4,1000,2,256,966,0.966,17,petrol,2,12.9,1,0,hazardous,0,54.05
279263,11,5,1500,1,381,1057,0.705,8,diesel,2,7,0,1,bulk,2,59.7
252588,11,3,1000,2,428,557,0.557,8,petrol,2,11,0,1,fragile,1,42.66
91454,4,7,1000,1,450,444,0.444,32,petrol,4,9.6,1,1,bulk,1,64.58
49202,2,7,300,2,436,122,0.407,10,diesel,5,15.3,1,1,bulk,0,67.26
248973,9,6,500,1,29,322,0.644,17,diesel,2,9.8,0,1,bulk,0,57.72
205414,6,5,300,3,228,211,0.703,20,diesel,3,19.1,1,1,bulk,2,57.94
84702,4,10,500,1,295,212,0.424,181,diesel,3,7.6,1,1,fragile,2,66.81
105367,4,7,1000,3,327,952,0.952,44,petrol,4,17.7,1,1,hazardous,1,67.37
101064,3,9,800,1,379,656,0.82,136,petrol,2,6.6,1,1,hazardous,0,89.86
176491,9,9,1500,3,189,711,0.474,40,diesel,3,19.7,1,1,bulk,1,51.33
271990,10,2,300,2,30,286,0.953,126,petrol,1,17.1,0,1,refrigerated,2,40.59
22105,2,9,800,1,341,737,0.921,11,electric,3,10,1,1,standard,0,86.08
132352,6,6,300,1,408,153,0.51,103,electric,3,8.6,1,0,hazardous,0,68.07
225498,7,6,500,1,225,310,0.62,43,petrol,2,8.7,0,0,bulk,0,59.6
27225,2,9,300,2,86,222,0.74,12,petrol,5,15.5,1,1,standard,0,89.79
20208,0,9,500,3,476,436,0.872,191,diesel,4,18.3,1,1,fragile,0,87.06
143465,5,6,500,2,193,414,0.828,104,petrol,3,10.7,1,0,refrigerated,1,71.85
108468,3,10,1000,3,400,845,0.845,14,diesel,2,17,1,1,bulk,0,78.93
92386,2,10,500,2,343,270,0.54,44,petrol,4,12,1,1,standard,2,67.28
245138,8,7,1000,2,141,835,0.835,58,diesel,1,16.8,0,1,standard,0,62.71
199120,8,5,500,2,113,335,0.67,53,petrol,4,13.4,1,0,standard,2,54.5
186308,8,8,1500,3,348,1315,0.877,36,diesel,3,19.4,1,0,hazardous,0,70.96
23254,2,9,800,2,61,576,0.72,15,diesel,4,11.6,1,1,bulk,0,89.52
247123,10,6,500,2,130,438,0.876,23,diesel,3,13.6,1,0,bulk,1,59.77
45594,1,9,300,2,214,228,0.76,17,petrol,4,14.5,1,1,standard,0,85.91
269418,10,5,500,1,380,212,0.424,63,diesel,2,10.1,1,0,standard,2,47.08
167351,6,4,1000,1,263,868,0.868,47,diesel,3,7,1,0,bulk,3,60.03
173174,5,9,300,1,171,171,0.57,29,petrol,3,10.3,1,0,standard,0,63.71
103781,5,10,500,2,383,402,0.804,51,diesel,3,13,1,1,fragile,0,87.99
104493,4,9,800,1,70,632,0.79,19,diesel,4,11.3,0,1,refrigerated,0,83.49
787,0,10,500,1,97,256,0.512,48,electric,4,9.1,1,1,standard,0,86.85
87838,3,6,500,2,346,421,0.842,37,diesel,4,12.4,1,1,standard,0,80.99
59754,0,10,1000,2,47,803,0.803,80,petrol,4,12,1,0,standard,0,82.56
55079,1,10,500,3,290,246,0.492,56,diesel,5,16.6,0,1,refrigerated,0,70.09
193742,9,7,300,1,462,184,0.613,3,diesel,3,7.6,1,1,standard,0,66.82
252486,11,5,800,3,482,410,0.512,7,diesel,2,18.1,1,0,standard,0,46.56
154752,5,6,1000,2,121,967,0.967,11,diesel,4,16.6,1,1,standard,2,66.48
223852,7,6,500,2,450,235,0.47,5,diesel,3,13.2,1,1,bulk,0,50.83
99362,3,8,1500,2,282,620,0.413,11,petrol,4,12.8,1,0,standard,1,59.89
99721,3,9,300,3,184,199,0.663,27,diesel,3,19.6,1,1,bulk,0,69.36
249255,9,5,300,1,275,264,0.88,268,petrol,1,9.6,1,1,fragile,1,60.54
137774,6,9,1000,2,410,766,0.766,7,diesel,3,13.9,0,1,standard,2,72.36
240723,9,5,500,2,214,482,0.964,179,diesel,2,13.1,0,0,hazardous,1,44.49
279369,12,6,500,3,34,487,0.974,179,diesel,1,18,0,1,bulk,1,43.84
37587,2,8,800,3,128,724,0.905,121,petrol,4,15.1,0,1,standard,0,67.57
37599,1,9,500,2,263,321,0.642,81,electric,4,11.9,1,1,fragile,0,83.35
134827,5,7,800,3,355,384,0.48,109,petrol,5,15.9,1,1,bulk,0,55.29
94821,5,5,300,2,398,270,0.9,100,diesel,4,14.4,0,0,standard,3,60.99
96998,1,10,800,2,484,567,0.709,52,petrol,4,11.5,1,1,standard,0,87.37
36184,1,10,800,1,107,736,0.92,121,electric,4,11,1,1,fragile,0,81.62
213414,7,5,800,2,285,723,0.904,51,diesel,3,12,1,0,standard,0,55.57
5294,0,8,300,2,294,165,0.55,167,diesel,4,10.8,1,1,fragile,0,81.09
99964,5,9,300,2,187,286,0.953,17,petrol,4,12.8,0,1,standard,1,72.82
130137,6,9,1000,2,184,754,0.754,87,electric,2,10.6,1,1,refrigerated,0,79.24
268487,12,5,500,1,378,302,0.604,221,diesel,2,9,0,1,hazardous,1,49.69
4202,1,10,500,1,51,463,0.926,12,petrol,5,10.1,1,1,refrigerated,0,91.07
17758,0,9,800,3,102,528,0.66,9,diesel,5,16.6,0,1,refrigerated,1,72
92111,4,8,800,2,320,745,0.931,17,diesel,5,14.2,0,1,standard,0,67.64
227679,8,7,1000,1,316,791,0.791,54,diesel,3,10.3,1,0,fragile,1,68.13
73662,3,6,800,1,458,742,0.928,40,diesel,5,9,0,0,fragile,0,65.46
254365,10,7,300,2,63,265,0.883,16,petrol,2,14,1,1,hazardous,0,68.84
25404,1,8,800,3,335,529,0.661,11,diesel,4,16.8,0,1,standard,0,70.91
53784,0,10,1000,2,426,826,0.826,64,diesel,4,9.7,1,0,refrigerated,0,90.05
88583,4,9,1000,1,423,831,0.831,45,diesel,4,8.5,0,1,fragile,0,90.88
205133,7,6,800,3,50,514,0.642,156,petrol,1,18.1,1,1,standard,0,53.24
58685,1,9,500,3,92,377,0.754,56,petrol,4,17.4,1,1,refrigerated,0,79.81
19828,2,10,300,2,327,158,0.527,72,petrol,4,13,1,1,hazardous,0,82.49
35174,2,7,800,2,466,679,0.849,94,diesel,3,10.3,1,1,fragile,0,79.94
23537,0,10,800,2,44,773,0.966,67,diesel,5,13.9,1,1,standard,0,81.96
190520,7,7,1000,2,377,746,0.746,6,petrol,3,13.8,0,1,hazardous,0,68.67
65156,2,6,800,1,29,387,0.484,192,petrol,2,8.7,1,1,fragile,1,56.95
89638,3,8,1500,2,449,996,0.664,40,petrol,4,10.7,0,0,fragile,1,66.66
97674,2,9,1500,1,453,862,0.575,97,petrol,3,7.7,1,0,bulk,0,76.14
79933,3,10,1500,1,488,612,0.408,46,diesel,3,7.6,1,1,bulk,0,69
170640,7,10,500,1,257,354,0.708,47,diesel,3,9.2,1,1,standard,0,88.78
15149,1,10,300,2,246,134,0.447,20,diesel,4,13.5,1,1,standard,1,71.76
73919,4,9,1500,2,80,1372,0.915,57,electric,5,12.2,0,0,bulk,0,69.35
80532,3,9,300,1,484,236,0.787,5,diesel,4,7.4,1,1,standard,0,91.5
33940,1,10,500,1,41,401,0.802,37,diesel,5,8.8,1,1,standard,0,97.96
16603,1,10,500,2,72,254,0.508,49,petrol,5,10.3,1,1,standard,0,83.22
270362,10,5,1000,2,332,589,0.589,92,diesel,2,14.8,1,0,standard,1,49.98
80747,3,10,800,2,370,324,0.405,2,diesel,4,12.9,1,1,standard,1,72.51
262175,10,2,1500,1,266,751,0.501,21,diesel,1,6,0,1,standard,2,45.29
259407,10,5,500,2,96,452,0.904,16,diesel,2,12.5,1,0,fragile,2,46.01
36702,1,10,300,2,400,246,0.82,3,diesel,5,11.8,1,1,hazardous,0,92.41
275229,11,6,800,2,39,506,0.632,62,electric,2,11.1,1,0,bulk,0,49.75
215132,9,9,800,2,315,549,0.686,37,petrol,4,13.7,1,1,standard,1,65
257627,10,7,800,2,301,605,0.756,138,petrol,2,14.2,0,1,bulk,1,60.33
96339,4,7,1000,3,67,742,0.742,137,diesel,3,20.2,0,0,fragile,0,68.21
55704,3,8,800,2,246,501,0.626,44,petrol,4,12.3,1,1,standard,1,73.15
11123,1,10,500,2,367,250,0.5,1,diesel,5,14,1,1,hazardous,0,91.09
195526,6,5,500,2,98,296,0.592,133,diesel,2,12.5,0,1,fragile,1,53.38
101525,3,10,1000,2,459,906,0.906,1,petrol,4,13.4,1,1,refrigerated,0,76.49
24565,0,10,1000,1,182,857,0.857,45,diesel,3,12.3,1,1,bulk,1,93.9
186419,8,4,300,2,316,168,0.56,50,diesel,3,14.3,0,0,bulk,3,45.47
205812,7,5,500,1,442,255,0.51,136,diesel,3,7.1,0,1,standard,2,53.77
88434,4,8,500,3,114,450,0.9,54,petrol,4,20.6,1,1,bulk,2,76.23
67952,4,8,500,3,187,321,0.642,8,petrol,4,20.2,0,0,standard,0,66.07
82994,3,9,1000,3,325,825,0.825,184,diesel,4,19.5,1,1,standard,0,80.16
61764,3,8,1000,2,128,963,0.963,76,diesel,5,12.2,1,1,standard,0,75.89
230667,10,4,500,2,52,417,0.834,10,electric,3,13.6,0,0,bulk,4,55.19
121086,5,9,800,2,111,340,0.425,38,diesel,4,12.6,1,1,standard,2,67.87
66434,1,10,800,2,290,780,0.975,180,electric,5,10.7,1,1,fragile,0,81.14
31464,0,6,1000,2,326,658,0.658,31,diesel,4,13.1,1,0,bulk,2,69.37
8813,0,9,500,2,175,375,0.75,27,diesel,5,13.3,0,1,fragile,0,86.57
17911,0,10,500,1,320,224,0.448,23,diesel,5,6.6,1,1,bulk,0,74.82
24537,0,10,500,2,249,344,0.688,131,diesel,5,13.2,1,1,fragile,0,83.58
56342,3,9,800,3,268,331,0.414,6,diesel,5,16.8,1,1,standard,0,70.48
124657,4,7,500,1,223,276,0.552,26,petrol,5,9.2,0,0,hazardous,0,67.38
123134,6,8,500,1,447,299,0.598,95,diesel,3,9.8,1,1,bulk,1,71.39
177715,8,6,1000,1,347,429,0.429,9,diesel,4,9.5,1,0,standard,0,57.27
154708,7,9,1000,2,136,679,0.679,28,diesel,2,13.8,1,1,bulk,1,64.98
170404,5,8,1500,1,374,1287,0.858,194,diesel,2,9.9,1,1,standard,0,78.39
65666,2,10,800,1,197,571,0.714,18,electric,5,9.1,0,1,standard,0,94
40873,1,10,500,2,194,361,0.722,5,diesel,5,14.1,1,1,bulk,0,91.03
145217,7,7,1000,2,169,790,0.79,40,petrol,3,12.6,1,0,standard,1,75.13
88640,3,10,500,1,350,296,0.592,59,diesel,3,8.7,1,0,standard,1,77.91
206281,8,5,500,2,113,333,0.666,147,diesel,2,15.6,0,0,bulk,3,44.03
279866,11,7,800,2,44,443,0.554,101,diesel,2,11.5,0,0,bulk,4,44.45
190918,8,9,1000,2,254,915,0.915,3,diesel,3,15.3,0,0,bulk,0,66.81
128835,4,7,1000,1,190,933,0.933,7,petrol,4,7.9,0,1,hazardous,0,71.95
36329,1,9,800,1,159,686,0.858,28,petrol,5,9.3,0,1,bulk,1,84.36
73982,3,9,1000,1,156,577,0.577,30,petrol,4,6,1,0,standard,1,81.5
128638,5,6,800,2,349,559,0.699,102,diesel,4,13.9,1,1,standard,0,63.4
153350,5,6,500,3,482,489,0.978,33,petrol,3,19.4,0,1,hazardous,0,55.24
79013,3,9,500,3,415,460,0.92,89,diesel,5,15.9,1,0,refrigerated,0,72.15
37481,2,10,800,3,266,487,0.609,31,diesel,4,20.2,1,1,refrigerated,0,73.92
130641,7,9,500,1,486,436,0.872,23,petrol,3,10,1,1,standard,0,83.97
166897,7,9,300,1,271,259,0.863,74,petrol,3,9.1,1,1,fragile,0,77.88
67463,3,10,500,2,281,336,0.672,67,electric,5,10.3,0,1,bulk,1,76.3
249061,10,7,800,2,362,686,0.858,120,petrol,2,13.1,1,1,standard,0,65.56
171500,5,5,500,2,423,391,0.782,1,petrol,3,16.1,0,1,bulk,2,67.77
75783,2,8,800,1,488,548,0.685,25,petrol,4,8.2,1,1,hazardous,2,71.16
142516,6,7,500,2,232,269,0.538,1,diesel,4,12.1,1,1,standard,0,69.57
183305,6,6,1000,1,93,518,0.518,9,diesel,3,10,1,0,bulk,1,60.64
116568,5,10,800,1,470,563,0.704,107,diesel,3,12.2,0,0,standard,1,85.62
252849,8,4,1000,2,153,613,0.613,305,diesel,1,13.6,0,1,refrigerated,0,43.7
227377,9,5,1000,1,286,477,0.477,86,electric,1,11.1,1,1,standard,0,49.5
100642,3,7,300,1,85,239,0.797,54,diesel,4,7.2,0,1,refrigerated,2,79.56
258994,10,5,500,1,59,239,0.478,57,electric,1,9.4,0,1,hazardous,0,42.21
116681,4,6,800,2,149,448,0.56,3,diesel,4,14.3,1,0,bulk,1,60.63
36255,1,10,500,2,319,444,0.888,107,diesel,5,11,0,0,standard,0,89.43
54159,1,10,1000,2,198,511,0.511,6,electric,4,13.3,1,1,refrigerated,1,81.1
164601,6,7,1500,1,484,1397,0.931,48,electric,4,9.4,1,1,bulk,1,68.84
258738,9,5,800,3,100,590,0.738,37,diesel,2,15.4,0,1,bulk,0,56.77
236855,11,5,300,2,374,293,0.977,7,diesel,2,12.5,0,1,bulk,1,49.47
214006,8,6,500,1,396,389,0.778,54,petrol,2,9,1,1,standard,1,71.2
39835,0,9,500,3,168,216,0.432,11,diesel,5,18.7,1,1,fragile,0,66.2
242566,8,6,1000,3,72,464,0.464,35,diesel,4,17.8,1,1,standard,0,45.14
223145,9,7,1500,1,272,652,0.435,32,diesel,4,8.9,1,0,fragile,0,56.19
179083,6,8,500,1,60,489,0.978,5,electric,4,8.4,1,1,refrigerated,1,64.49
128745,6,8,1500,2,484,715,0.477,92,petrol,4,16,1,1,hazardous,0,62.1
45762,2,10,300,2,331,230,0.767,172,diesel,3,15.8,1,0,standard,0,85.17
70752,1,10,800,1,329,343,0.429,24,diesel,4,9.2,1,1,standard,0,73.55
115820,3,7,500,3,160,355,0.71,78,diesel,4,18.3,1,1,hazardous,1,75.27
76132,2,10,1500,1,160,875,0.583,30,petrol,3,9.8,1,1,bulk,1,78.53
188060,8,5,1500,3,171,940,0.627,58,diesel,4,15.1,1,1,bulk,1,57.67
110270,6,10,500,3,172,370,0.74,186,petrol,2,18.8,1,1,standard,1,76.05
144855,4,9,1000,1,413,692,0.692,108,diesel,3,10.7,1,0,refrigerated,0,71.8
38159,0,8,1500,2,427,760,0.507,159,diesel,4,12.8,1,1,hazardous,2,75.44
227808,9,5,500,3,128,482,0.964,72,petrol,2,16.6,0,0,bulk,1,39.79
166017,5,6,500,2,284,226,0.452,9,diesel,3,13.5,0,1,fragile,0,48.79
98932,5,9,1000,2,83,590,0.59,173,electric,4,12.9,0,1,standard,0,71.71
85132,3,10,800,2,219,632,0.79,9,diesel,5,13.3,1,1,bulk,0,90.03
248950,11,4,800,1,394,585,0.731,18,diesel,2,8.5,1,0,standard,0,63.29
66214,3,7,500,3,388,236,0.472,2,petrol,5,17.6,1,0,standard,2,57.29
208374,8,4,800,2,341,751,0.939,69,diesel,2,13.5,0,0,standard,1,44.61
1089,0,10,1000,2,102,573,0.573,92,petrol,5,15.3,1,0,bulk,0,83.24
212854,7,9,300,1,457,270,0.9,22,electric,3,10.4,0,1,standard,1,69.68
280370,9,5,500,2,27,330,0.66,24,petrol,1,12.2,1,1,standard,1,54.31
38274,1,10,500,1,410,372,0.744,23,diesel,4,9.4,1,1,bulk,1,93.65
276192,12,7,500,2,279,350,0.7,38,diesel,2,11.6,0,1,standard,1,65.8
278923,11,6,300,2,112,269,0.897,19,petrol,1,14.6,1,1,fragile,1,62.35
129546,5,6,800,3,347,699,0.874,17,diesel,4,18.9,1,1,bulk,0,68.54
12227,0,10,1000,3,149,447,0.447,123,petrol,4,19.4,1,1,hazardous,0,70.25
109579,3,7,1000,2,108,978,0.978,12,petrol,3,12.3,1,1,standard,2,68.78
214945,8,7,500,2,241,238,0.476,76,diesel,2,14.2,1,1,fragile,0,51
53108,2,9,800,1,90,450,0.562,8,diesel,4,13.6,1,1,standard,0,79.54
164283,9,8,300,3,233,201,0.67,5,diesel,2,18.8,1,1,standard,1,58.67
146674,5,7,500,1,44,439,0.878,60,diesel,4,9.1,1,1,standard,0,85.1
37084,1,10,1000,2,229,654,0.654,12,diesel,4,12.5,1,1,standard,0,81.21
21722,2,10,800,2,267,430,0.538,89,electric,4,14.8,0,0,standard,0,78.01
262280,10,5,500,2,319,483,0.966,4,diesel,2,13.2,1,0,standard,0,49.7
333,0,10,300,2,91,178,0.593,36,electric,4,12.7,1,0,bulk,0,72.62
31727,0,10,300,2,368,189,0.63,9,petrol,4,13.7,0,1,standard,0,77.68
187118,8,5,1000,1,61,961,0.961,41,diesel,4,10.2,1,0,standard,1,55.49
96934,3,8,800,2,365,377,0.471,4,petrol,4,14.1,0,1,standard,2,55.82
208217,7,5,300,3,221,149,0.497,172,diesel,2,17,0,1,bulk,2,28.44
55729,5,10,500,3,372,294,0.588,21,diesel,5,18.3,1,0,standard,1,74.88
256956,9,6,800,2,113,433,0.541,22,diesel,2,10.9,1,0,fragile,0,52.37
223508,7,7,800,1,232,452,0.565,78,diesel,2,9.1,0,0,fragile,1,56.61
260679,10,7,500,2,44,274,0.548,295,petrol,1,12.7,1,1,bulk,0,52.23
23768,0,10,1500,2,87,712,0.475,104,diesel,4,13.1,1,0,fragile,2,72.91
60217,1,7,500,2,198,224,0.448,31,petrol,4,13.3,0,1,bulk,2,55.98
78548,2,10,1000,2,149,420,0.42,78,petrol,4,15.3,1,1,bulk,0,67.57
101125,5,9,300,1,434,156,0.52,33,diesel,4,11.4,1,1,fragile,0,73.82
101068,5,6,1500,1,29,609,0.406,45,petrol,3,10.9,1,1,bulk,1,67.25
62245,2,10,1500,3,61,1150,0.767,80,diesel,3,19,1,1,hazardous,0,83.83
184735,8,8,500,2,346,306,0.612,32,diesel,3,8.8,1,1,standard,1,59.76
264239,11,5,1000,2,37,466,0.466,126,diesel,2,13.7,0,1,hazardous,0,41.77
224437,8,6,500,3,413,408,0.816,18,diesel,2,16.3,0,1,standard,0,58.38
169477,7,6,500,3,191,281,0.562,44,petrol,3,17.5,1,0,refrigerated,0,55.54
137985,5,8,1000,1,486,867,0.867,70,petrol,4,6,1,1,standard,1,84.19
131172,3,8,1000,1,114,889,0.889,183,diesel,3,8.8,1,0,standard,0,79.31
242801,9,5,800,3,82,370,0.462,8,diesel,3,19.2,1,1,standard,1,39.9
248121,10,5,800,2,182,521,0.651,191,diesel,1,11.7,1,1,bulk,1,47.85
234696,10,5,1000,3,323,779,0.779,226,petrol,1,17.4,0,1,refrigerated,2,54
79178,3,8,500,1,444,471,0.942,13,diesel,5,8.6,1,1,hazardous,1,70.82
34089,2,10,300,2,372,232,0.773,14,diesel,4,10.3,0,0,hazardous,0,88.52
98920,4,6,1500,3,303,866,0.577,10,diesel,4,18.4,1,1,standard,0,62.59
179511,6,9,500,1,487,406,0.812,30,petrol,3,7.8,1,1,standard,0,77.63
62810,3,10,800,3,206,499,0.624,19,petrol,5,17.7,1,1,bulk,0,81.9
260172,10,4,800,3,479,420,0.525,72,petrol,2,16.4,1,0,refrigerated,0,44.91
234752,9,8,500,3,89,254,0.508,71,diesel,2,18.4,1,1,bulk,1,52.52
126624,3,8,1000,2,317,519,0.519,48,diesel,3,12.9,1,0,refrigerated,1,62.49
219627,7,4,500,3,242,216,0.432,34,diesel,2,19.5,0,1,hazardous,0,35.21
270222,9,4,800,2,488,449,0.561,41,petrol,2,13.4,1,1,fragile,1,47.86
176542,7,8,1000,2,224,450,0.45,25,diesel,2,11.2,0,1,standard,0,48.94
275788,12,6,500,3,488,251,0.502,14,diesel,3,16.8,1,0,standard,4,43.04
131105,4,8,800,2,31,445,0.556,34,electric,2,11.3,1,1,refrigerated,2,57.16
4886,1,10,800,2,281,340,0.425,137,diesel,4,14,1,1,hazardous,0,74.36
21807,0,9,800,1,408,694,0.868,2,diesel,4,8.9,1,1,standard,1,93.27
159987,5,7,1500,3,50,754,0.503,4,petrol,3,17.1,1,1,bulk,1,60.13
23136,0,8,1000,1,118,945,0.945,143,electric,5,7.8,0,1,standard,1,76.93
206763,9,8,500,1,400,257,0.514,41,diesel,3,9.9,0,0,hazardous,0,68.7
9553,0,10,1500,3,240,1153,0.769,108,diesel,4,17.7,1,1,refrigerated,0,91.88
201694,10,5,300,2,207,129,0.43,3,diesel,2,13.1,1,1,fragile,0,44.34
238454,9,9,1500,2,195,827,0.551,5,petrol,3,14.9,0,1,bulk,1,63.41
204009,6,9,500,2,57,434,0.868,13,diesel,2,14.9,1,1,bulk,0,72.59
256637,11,4,300,2,248,228,0.76,17,petrol,1,13.2,1,1,bulk,1,56.71
160426,6,5,500,2,209,364,0.728,28,petrol,4,13.5,0,0,bulk,2,62.19
213900,9,6,300,1,428,220,0.733,1,diesel,2,9,1,1,standard,2,69.98
220738,8,9,300,2,336,155,0.517,46,petrol,1,13.4,1,1,standard,0,65.44
43803,0,8,800,2,412,414,0.518,19,diesel,5,14.6,1,1,standard,1,79.27
133268,4,6,500,2,112,316,0.632,8,diesel,3,10.7,1,1,standard,2,61.82
152572,6,9,500,1,75,276,0.552,17,electric,4,9.3,1,0,standard,0,77.07
260974,9,6,1500,1,340,903,0.602,227,petrol,1,8.9,1,1,bulk,1,54.98
164388,6,9,1000,1,250,793,0.793,11,petrol,4,10.3,0,1,standard,0,82.72
137121,6,7,800,1,271,432,0.54,9,diesel,4,11,1,1,hazardous,1,75.96
102273,3,5,500,2,248,390,0.78,146,petrol,4,13.9,0,1,hazardous,3,64.7
147613,3,8,800,2,78,350,0.438,216,diesel,2,14.8,1,1,standard,0,53.56
103524,5,8,300,2,392,273,0.91,73,petrol,4,13.6,1,1,standard,1,71.74
280413,10,6,800,3,86,683,0.854,17,petrol,3,18.5,0,1,fragile,1,57.26
127278,6,8,300,2,275,213,0.71,20,diesel,4,13.3,1,1,fragile,0,79.6
247068,9,7,1000,2,137,733,0.733,17,electric,3,13.7,0,1,standard,1,59.7
151908,7,6,800,1,218,438,0.548,10,petrol,3,7.6,0,1,fragile,0,65.57
22544,0,10,800,3,28,519,0.649,63,petrol,5,19,1,1,refrigerated,0,78.73
164134,7,5,500,1,39,248,0.496,168,diesel,2,9,1,1,bulk,0,51.93
108444,5,8,800,2,486,575,0.719,67,diesel,3,13.3,0,1,standard,0,76.95
262130,9,8,1000,2,153,838,0.838,28,diesel,3,12.9,1,1,fragile,0,72.59
275938,10,8,800,1,308,723,0.904,11,electric,3,7.4,1,0,standard,0,60.38
96942,4,7,1500,3,293,1387,0.925,220,petrol,2,15.6,0,1,refrigerated,0,57.89
268580,12,6,300,3,87,227,0.757,115,petrol,2,16.5,1,1,fragile,1,57.95
205545,9,5,1500,1,355,776,0.517,74,diesel,3,6.9,0,1,bulk,1,58.77
154989,7,7,500,3,283,414,0.828,63,diesel,2,17.7,1,1,standard,1,67.08
250416,9,7,1500,1,300,731,0.487,88,diesel,1,6.9,0,1,fragile,0,43.61
60975,2,10,800,2,114,426,0.532,24,electric,4,12.2,1,1,standard,0,81.57
260031,8,6,300,2,239,281,0.937,60,petrol,3,12.4,0,0,standard,0,58.1
149807,6,7,1000,1,280,451,0.451,16,electric,4,7.7,1,1,hazardous,0,63.51
242159,10,7,300,2,381,243,0.81,1,diesel,2,11,0,1,standard,1,62.22
183214,7,5,800,2,128,677,0.846,47,petrol,2,11.6,1,1,standard,0,64.5
106958,3,4,800,3,184,468,0.585,1,electric,4,16.7,0,0,bulk,0,54.63
252667,8,7,800,2,299,601,0.751,1,diesel,3,13.5,1,1,fragile,0,71.04
161164,6,8,1500,1,381,760,0.507,145,diesel,2,9.5,1,1,bulk,1,64.02
49896,2,9,800,3,224,561,0.701,168,petrol,4,16.6,1,0,standard,1,77.12
173020,6,9,1500,2,85,944,0.629,19,diesel,3,13,0,1,standard,0,66.19
125585,5,7,500,2,35,469,0.938,2,petrol,4,16.1,1,0,bulk,0,64.46
249428,9,7,800,3,480,357,0.446,40,diesel,3,19.7,1,1,refrigerated,0,41.96
25377,0,9,800,2,142,711,0.889,20,diesel,4,14.3,1,0,bulk,0,91.89
105358,3,8,1500,2,214,905,0.603,13,electric,4,12.6,0,0,hazardous,1,66.65
136087,5,8,500,2,337,460,0.92,23,petrol,4,13.9,0,0,bulk,1,62.65
246540,11,9,1000,3,69,780,0.78,52,diesel,2,18.4,1,1,standard,0,66.37
123264,6,6,800,2,329,678,0.848,3,diesel,4,16,0,1,bulk,0,69.53
215586,6,1,500,1,125,323,0.646,22,petrol,2,9.1,0,0,bulk,0,44.84
141028,6,6,1500,1,296,743,0.495,102,diesel,3,8.7,0,1,standard,2,51.09
159685,6,6,800,2,436,547,0.684,83,electric,3,13.3,1,1,refrigerated,1,57.86
197976,8,9,500,1,391,328,0.656,26,diesel,3,6.3,1,1,hazardous,0,73.4
240844,8,5,500,2,160,261,0.522,67,diesel,2,14.5,1,1,bulk,0,55.85
199206,8,7,500,2,306,345,0.69,29,diesel,3,15.1,0,0,bulk,1,58.13
103386,4,9,500,1,124,201,0.402,7,diesel,5,6.7,1,1,hazardous,0,71.45
183895,8,6,500,2,472,344,0.688,73,petrol,3,13.6,1,1,fragile,2,58.88
72905,3,6,800,2,146,445,0.556,5,diesel,4,11.8,0,0,fragile,0,66.35
122724,3,6,1500,3,21,600,0.4,1,petrol,4,19.1,1,1,standard,0,48.5
221090,8,5,500,2,351,434,0.868,11,diesel,2,12,1,0,standard,0,61.93
268350,10,6,1000,3,162,553,0.553,36,diesel,3,20.4,1,1,standard,1,47.37
212640,8,5,1500,1,474,1069,0.713,4,diesel,2,8.7,0,0,standard,0,66.7
249861,11,8,800,2,42,646,0.808,22,diesel,3,12.1,1,1,standard,0,69.14
41800,2,8,1500,1,145,690,0.46,61,petrol,5,10.3,1,1,standard,0,73.42
172491,7,4,1000,3,225,424,0.424,8,petrol,4,14.1,1,0,standard,0,43.05
118946,4,8,1000,2,470,864,0.864,252,diesel,3,14,1,0,bulk,0,73.63
139351,6,7,1000,1,399,520,0.52,109,diesel,3,8.2,1,1,standard,2,62.75
260897,9,4,800,3,336,365,0.456,37,diesel,2,17.4,0,1,standard,2,33.64
222963,8,7,800,1,272,554,0.692,138,diesel,1,7.1,0,0,refrigerated,1,53.75
95536,3,7,500,2,184,370,0.74,79,petrol,4,11.4,1,1,standard,0,79.75
135368,5,7,500,2,294,411,0.822,18,diesel,4,11.1,1,1,fragile,1,75.55
53256,1,10,500,1,367,363,0.726,32,diesel,4,9.2,1,1,hazardous,0,93.07
33249,1,10,800,1,159,635,0.794,167,diesel,5,10.8,0,1,bulk,1,89.15
56347,3,9,800,1,31,480,0.6,32,diesel,4,7.8,1,1,bulk,1,79.25
75485,3,9,500,2,287,225,0.45,83,petrol,4,10.9,1,0,fragile,0,71.31
258158,9,5,300,2,394,267,0.89,24,diesel,2,12.1,1,1,bulk,0,60.12
257746,9,5,800,3,129,503,0.629,54,petrol,2,16.6,0,0,bulk,0,44.48
140400,4,8,300,3,174,160,0.533,99,petrol,2,16.5,1,1,standard,0,64.49
125330,6,10,500,2,255,299,0.598,11,petrol,4,14,1,1,hazardous,1,71.87
54853,4,10,300,2,208,169,0.563,110,electric,5,13.6,1,1,fragile,0,82.83
79563,3,8,800,1,329,684,0.855,34,diesel,4,8.6,1,1,bulk,0,90.64
205915,7,5,1500,1,441,1369,0.913,43,petrol,2,10,1,1,hazardous,3,52.58
1514,0,9,500,3,251,219,0.438,14,petrol,5,17.7,0,1,refrigerated,2,60.52
273921,8,7,1000,3,377,654,0.654,329,petrol,1,18.3,0,1,standard,1,47.56
121428,7,10,500,1,380,381,0.762,15,diesel,3,9,1,1,refrigerated,0,86.34
267872,10,4,800,1,115,658,0.822,15,diesel,2,10.9,1,0,fragile,2,62.69
42914,0,10,800,3,322,555,0.694,38,diesel,5,17.6,1,1,bulk,1,78.14
187481,7,7,800,2,215,486,0.608,43,electric,4,13.5,0,1,standard,0,64.62
210997,8,7,500,2,40,218,0.436,90,diesel,3,12.4,0,0,standard,0,45.99
118391,5,7,800,3,69,333,0.416,9,diesel,4,18.8,0,0,standard,0,49.64
141468,6,7,1500,3,397,1012,0.675,11,diesel,4,18.1,1,1,standard,0,61.8
144749,7,8,1500,2,41,912,0.608,1,petrol,4,10.8,0,1,standard,0,64.09
77139,2,9,1500,1,317,810,0.54,55,petrol,3,10.4,1,1,fragile,0,82.76
34510,2,7,500,1,471,319,0.638,148,petrol,5,7.4,1,1,standard,0,84.62
33735,1,10,1000,3,313,787,0.787,26,diesel,4,17.1,0,1,fragile,0,86.24
4548,0,10,800,2,337,692,0.865,39,petrol,4,12.7,1,1,bulk,0,97.26
60102,0,8,800,3,165,546,0.682,91,diesel,3,18.6,0,1,fragile,0,69.79
127240,2,7,500,2,72,217,0.434,56,diesel,4,13.4,0,1,standard,2,54.41
257076,11,6,1000,2,84,821,0.821,9,diesel,2,12.9,0,1,refrigerated,0,59.4
121142,5,9,300,3,180,287,0.957,40,petrol,4,17.8,1,1,bulk,0,74.06
28389,1,10,300,2,418,143,0.477,39,diesel,4,13.8,0,1,bulk,0,67.29
164645,6,5,800,2,413,673,0.841,4,petrol,3,13.3,1,0,standard,1,58.37
173906,5,8,1000,1,264,733,0.733,57,diesel,3,9.7,1,1,bulk,0,81.86
237547,8,4,1000,2,140,778,0.778,6,petrol,2,14.7,0,1,standard,4,50.14
38721,1,8,800,3,152,732,0.915,33,diesel,5,18.3,1,1,refrigerated,1,73.68
199838,9,5,500,2,304,237,0.474,6,diesel,2,13.7,1,0,fragile,0,48.49
177445,7,5,500,1,495,365,0.73,159,diesel,3,7.8,0,1,standard,0,73.23
237794,9,4,300,2,148,169,0.563,68,petrol,3,12.7,0,0,standard,2,42.64
55392,1,8,800,2,95,549,0.686,76,petrol,5,14.5,1,1,bulk,0,75.16
138904,7,7,500,2,183,315,0.63,51,petrol,4,13.8,1,0,standard,1,64.04
17754,0,10,1000,2,194,451,0.451,1,diesel,4,12.7,1,1,standard,1,69.93
29101,0,9,500,3,29,376,0.752,3,diesel,5,18.9,1,0,standard,0,80.34
10225,0,10,500,2,53,319,0.638,108,diesel,5,13.3,1,0,bulk,3,74.56
120555,4,8,500,3,119,275,0.55,1,diesel,4,18.9,1,0,standard,1,65.68
144223,4,7,1000,3,181,605,0.605,13,petrol,3,15.6,1,0,standard,0,59.6
255227,9,5,500,2,103,391,0.782,39,petrol,2,11.9,1,1,fragile,0,59.8
271759,11,5,800,2,487,660,0.825,122,electric,2,14.3,1,1,bulk,2,63.09
230455,8,8,300,2,295,267,0.89,78,diesel,2,11.9,1,0,refrigerated,1,69.49
18376,1,8,1000,1,251,482,0.482,109,diesel,5,9.5,1,0,fragile,0,70.13
222845,9,6,500,1,248,246,0.492,33,diesel,1,8.8,1,1,hazardous,2,46.75
204101,7,4,800,2,441,572,0.715,97,petrol,3,11.8,0,0,standard,1,53.66
76949,3,10,800,1,347,575,0.719,21,diesel,5,9.2,0,1,bulk,1,84.49
100419,2,8,500,2,79,200,0.4,71,petrol,3,14,0,1,fragile,1,59.17
206958,7,9,1000,2,253,520,0.52,15,diesel,3,14.6,1,1,standard,0,66.03
263647,9,3,500,1,68,427,0.854,188,petrol,1,6.1,0,1,bulk,0,59.95
87259,4,8,300,2,154,224,0.747,55,petrol,4,10.3,1,1,standard,1,78.67
81824,2,10,500,1,497,275,0.55,16,diesel,4,7.6,1,0,bulk,0,84.23
275164,10,6,800,2,78,388,0.485,5,diesel,2,11.1,1,1,bulk,1,41.67
280584,10,8,500,2,44,443,0.886,84,petrol,1,11.3,0,1,fragile,0,62.86
140673,7,7,500,2,447,427,0.854,24,diesel,4,12,0,0,standard,0,72.05
116970,3,9,300,2,70,228,0.76,25,diesel,4,12.6,1,1,bulk,0,78.73
139311,5,5,300,1,405,156,0.52,365,petrol,2,6.1,0,0,standard,3,51.3
275627,11,5,500,3,487,334,0.668,125,diesel,1,18.8,0,1,standard,0,45.31
204206,7,7,800,2,311,499,0.624,7,diesel,2,14.4,1,1,bulk,0,57.54
126186,6,8,300,2,216,201,0.67,85,diesel,2,11.8,1,1,standard,0,65.58
57654,1,7,300,1,150,208,0.693,52,petrol,4,8.2,1,1,standard,0,83.81
164749,7,5,300,2,183,134,0.447,232,diesel,3,14.3,1,1,standard,0,50.61
190774,7,9,500,2,311,263,0.526,61,petrol,2,10.8,1,1,bulk,1,61.46
166366,7,6,1000,3,285,476,0.476,80,diesel,2,17.3,1,1,fragile,3,41.63
57577,2,9,300,1,418,186,0.62,31,electric,4,9.5,1,1,standard,0,81.1
198612,9,6,800,1,181,479,0.599,10,petrol,2,9,1,1,standard,1,63.3
240176,9,3,500,2,113,203,0.406,18,electric,3,15.2,1,1,bulk,2,30.07
201639,8,8,1000,3,428,820,0.82,2,diesel,2,17.2,1,0,refrigerated,0,63.38
161088,6,9,800,1,110,633,0.791,147,petrol,4,10.5,1,1,standard,0,85.49
62454,3,10,500,1,201,356,0.712,56,diesel,4,6,1,1,hazardous,0,93.39
34229,1,10,1500,3,356,1453,0.969,65,electric,4,16.1,1,1,refrigerated,1,76.13
229947,8,6,500,3,335,482,0.964,79,diesel,2,21.2,1,1,standard,0,53.76
108874,4,10,800,3,242,688,0.86,24,electric,4,16.9,1,0,bulk,0,77.47
267690,9,3,300,2,107,251,0.837,31,petrol,2,13.7,1,1,standard,0,58.35
124064,5,9,800,1,420,750,0.938,66,petrol,4,6.5,1,0,hazardous,0,76.74
116324,4,6,1000,3,481,821,0.821,26,electric,4,15.7,0,1,standard,0,66.96
266544,9,3,800,1,290,600,0.75,37,petrol,3,6.5,1,1,standard,0,64.17
31768,0,10,500,2,113,204,0.408,44,diesel,4,14.4,1,1,standard,0,71.04
147287,6,6,500,2,308,407,0.814,5,diesel,4,13.3,1,1,hazardous,1,69.53
99747,3,9,500,1,218,370,0.74,59,diesel,3,7.2,1,1,standard,0,89.95
197649,8,9,800,1,433,439,0.549,33,petrol,4,11.8,1,0,standard,0,70.55
42142,1,9,500,2,146,409,0.818,132,petrol,4,12.7,1,1,standard,0,88.17
182485,7,5,800,2,285,674,0.842,58,electric,3,13.2,0,1,standard,0,66.3
74666,2,9,1500,2,341,1203,0.802,68,petrol,4,12.3,1,0,standard,0,88.43
182471,5,5,1000,2,296,445,0.445,36,diesel,3,10.9,1,0,standard,1,43.8
68186,3,10,800,2,359,638,0.798,36,diesel,4,13.5,1,1,standard,0,88.37
48088,2,8,300,3,184,191,0.637,272,petrol,3,18.6,0,1,bulk,1,64.19
108955,4,5,1000,1,147,493,0.493,10,diesel,4,8.1,1,1,hazardous,0,64.32
37206,0,8,1500,1,425,999,0.666,68,diesel,4,8.3,1,1,bulk,1,77.25
119099,4,9,300,1,490,166,0.553,5,diesel,4,8.5,1,1,standard,0,73.16
3864,0,10,500,3,192,333,0.666,29,diesel,4,17.5,1,1,standard,0,79.71
196505,7,7,1000,1,397,857,0.857,100,diesel,2,6.9,1,1,standard,1,71.08
35789,0,10,1000,2,214,903,0.903,256,diesel,4,13.6,1,1,standard,0,78.82
176649,7,9,800,3,334,375,0.469,193,diesel,3,17,0,1,standard,0,52.51
129800,5,10,800,2,100,449,0.561,179,diesel,3,14.4,1,0,refrigerated,1,67.57
158693,5,5,300,2,287,260,0.867,46,diesel,3,12,0,1,hazardous,0,68.62
220866,6,7,800,2,83,730,0.912,12,diesel,2,15.3,1,1,standard,0,57.54
260594,11,7,1500,1,438,1337,0.891,83,diesel,2,12.7,1,1,standard,0,73.21
181637,7,5,500,1,317,465,0.93,37,diesel,1,8.1,1,1,refrigerated,0,62.03
71519,4,10,800,3,374,373,0.466,8,petrol,4,16.4,1,0,standard,0,69.89
123118,6,8,500,2,237,313,0.626,108,diesel,3,10.5,1,1,fragile,0,62.03
98858,4,7,500,1,323,420,0.84,27,diesel,3,10,1,0,refrigerated,0,82.49
30368,1,9,1500,2,97,736,0.491,43,petrol,5,12.9,1,1,refrigerated,0,71.08
225724,8,6,1500,2,124,1274,0.849,36,diesel,3,13.9,0,1,standard,0,69.58
278679,9,8,1000,1,325,937,0.937,91,diesel,2,6.4,1,1,fragile,0,66.51
241926,10,2,1000,1,40,689,0.689,9,petrol,2,6.8,0,0,bulk,1,47.14
123327,5,8,300,3,270,234,0.78,5,electric,4,19,0,0,standard,0,76.78
112149,4,9,1500,1,188,1440,0.96,65,electric,4,8.8,1,1,refrigerated,2,74.23
41385,3,10,800,3,288,713,0.891,32,diesel,2,20.1,1,1,fragile,0,84.95
10892,1,8,800,2,237,756,0.945,43,petrol,5,10.4,1,0,standard,0,78.67
14094,2,7,1000,1,289,596,0.596,48,diesel,5,8,1,1,bulk,0,77.52
122571,5,7,500,2,464,227,0.454,37,petrol,2,12.2,0,1,bulk,0,53.35
41838,1,10,1000,2,149,544,0.544,37,diesel,5,14.3,1,1,refrigerated,1,85.15
226466,8,6,300,1,80,262,0.873,11,electric,3,11.2,0,1,refrigerated,4,65.19
10825,0,8,500,3,353,261,0.522,2,diesel,5,15.8,1,1,standard,2,72.58
58202,2,8,500,1,89,364,0.728,49,diesel,4,9,1,1,standard,0,84.15
39995,2,8,500,1,290,470,0.94,12,diesel,4,9,1,1,bulk,0,82.68
95876,3,7,300,2,269,225,0.75,11,petrol,4,13.2,1,0,standard,0,76.38
64267,2,8,800,1,416,698,0.872,5,petrol,5,9.9,1,1,standard,2,89
151660,4,8,1000,2,232,860,0.86,71,diesel,3,13.5,0,1,bulk,3,69.45
68478,2,10,1000,1,137,801,0.801,35,diesel,4,9.4,1,1,standard,0,95.68
275271,11,5,500,2,119,274,0.548,1,diesel,1,16.2,0,0,fragile,0,45.67
144667,5,6,1000,1,179,524,0.524,117,diesel,2,8.2,0,0,standard,1,58.94
181330,5,5,1000,2,264,788,0.788,89,diesel,1,12.5,0,0,fragile,1,62.4
134658,5,6,300,3,121,161,0.537,22,petrol,3,20.8,1,1,fragile,0,54.54
107145,3,8,1000,1,180,691,0.691,28,diesel,5,9.6,1,1,refrigerated,0,74.35
48827,2,10,1000,3,378,469,0.469,22,diesel,5,16.6,1,1,refrigerated,1,72.74
48883,3,8,500,2,124,256,0.512,54,petrol,4,13.1,0,0,bulk,0,75.44
191069,8,6,500,2,271,212,0.424,3,diesel,3,14.2,1,1,standard,1,48.57
14654,0,10,1500,2,196,1040,0.693,25,petrol,5,13.7,0,1,fragile,0,78.02
10662,0,9,1000,1,391,768,0.768,22,electric,5,9.9,1,1,standard,0,100
278086,12,4,800,2,150,540,0.675,63,petrol,1,15,0,0,bulk,0,43.78
37982,3,8,1500,2,144,666,0.444,64,diesel,5,12.4,1,1,standard,0,66.98
203805,8,4,300,3,253,146,0.487,36,diesel,3,17.4,1,1,bulk,1,41.81
25698,0,10,300,3,423,160,0.533,189,petrol,3,19.9,1,1,bulk,0,77.73
165015,6,7,800,1,58,376,0.47,133,diesel,3,9.3,0,0,hazardous,1,52.76
5375,0,9,500,2,243,349,0.698,73,diesel,5,12.2,1,1,bulk,0,78.38
89851,5,6,800,1,144,615,0.769,40,diesel,4,8.5,1,1,refrigerated,0,83.98
98123,4,9,800,3,197,774,0.968,30,diesel,4,16.4,0,1,bulk,1,66.15
209731,8,8,1500,3,33,1286,0.857,114,diesel,2,22,0,0,standard,0,65.86
180717,5,8,300,3,337,291,0.97,33,diesel,3,19.5,1,1,standard,1,53.72
118775,4,10,800,2,35,630,0.788,33,petrol,4,12,1,1,standard,1,83.51
8639,0,10,1000,3,127,409,0.409,84,petrol,5,20.1,1,1,standard,2,70.52
143785,6,9,800,2,214,682,0.852,1,diesel,5,14.6,1,1,fragile,0,80.33
97977,3,9,500,1,222,281,0.562,38,diesel,3,10.9,1,1,fragile,0,75.67
243168,9,6,800,3,381,568,0.71,1,petrol,3,19.1,0,0,bulk,0,57.58
196703,7,6,1000,1,125,877,0.877,4,petrol,2,9.4,1,1,fragile,1,71.98
60719,3,8,800,1,454,375,0.469,207,diesel,4,8.7,1,1,standard,0,70.29
170466,7,9,300,1,74,144,0.48,25,diesel,3,9,1,1,standard,1,60.13
231337,9,4,1500,3,156,695,0.463,61,electric,2,17.3,0,0,standard,1,32.96
14925,0,8,1000,2,77,965,0.965,283,petrol,5,14.6,0,1,standard,1,69.37
133540,6,10,500,2,29,460,0.92,20,diesel,4,13.1,1,1,refrigerated,0,73.44
172003,5,7,1000,1,269,721,0.721,1,diesel,4,9.1,0,1,fragile,4,70.87
98168,4,10,1000,3,290,942,0.942,4,electric,4,17.6,1,1,fragile,1,70.03
112576,5,6,300,1,499,138,0.46,41,petrol,5,8.6,1,1,fragile,0,66.07
197074,8,5,500,3,153,295,0.59,4,diesel,3,19.3,1,0,hazardous,0,51.19
134619,4,7,1000,2,239,841,0.841,36,diesel,4,13,1,1,standard,0,76.36
10368,0,7,800,1,135,614,0.768,14,diesel,3,8.3,0,1,fragile,1,86.95
151929,5,8,500,2,195,382,0.764,84,petrol,3,13.2,0,1,fragile,1,70.03
59346,1,10,1000,2,273,961,0.961,2,petrol,4,12,1,1,bulk,0,75.57
43295,1,9,1000,1,40,654,0.654,5,diesel,4,10.7,1,1,standard,0,78.93
264648,10,5,500,2,167,417,0.834,2,petrol,3,14.1,0,1,bulk,0,65.5
87679,3,9,800,2,379,643,0.804,1,petrol,3,13.2,1,0,fragile,0,81.09
125341,4,6,800,1,418,514,0.642,170,electric,3,7.6,0,1,fragile,1,65.08
271143,7,7,1500,2,226,930,0.62,27,diesel,2,11.4,0,1,standard,0,57.84
17176,0,9,1000,3,99,937,0.937,18,petrol,5,17.3,1,1,standard,1,77.34
192203,6,6,800,2,294,592,0.74,3,diesel,3,8.9,1,1,standard,0,71.32
91377,3,9,1500,2,180,790,0.527,319,diesel,3,12.8,1,1,standard,0,69.57
166582,7,9,1500,1,399,841,0.561,45,diesel,3,9.4,1,1,standard,1,71.65
190528,7,8,500,2,124,447,0.894,130,diesel,2,14.2,0,0,standard,0,62.48
80508,3,8,500,2,83,347,0.694,23,diesel,4,11.9,1,0,bulk,0,69.21
107901,5,6,1000,2,369,672,0.672,13,diesel,4,13.5,1,0,bulk,1,64.6
75380,4,8,500,3,476,364,0.728,7,petrol,4,18.2,1,1,bulk,0,77.74
64591,1,9,300,3,166,252,0.84,5,petrol,4,19,1,0,fragile,0,79.93
160525,5,9,500,3,86,323,0.646,48,petrol,3,19.2,1,1,refrigerated,0,66.18
178448,7,9,500,2,246,242,0.484,11,diesel,4,12.6,1,0,bulk,2,55.88
222002,7,4,1000,3,235,568,0.568,2,petrol,3,18.2,0,0,standard,0,44.12
160585,5,8,500,3,471,288,0.576,1,diesel,3,17.3,1,1,bulk,0,61.38
186567,6,8,500,3,175,476,0.952,32,diesel,2,15.2,1,1,bulk,0,54.48
161209,4,4,500,1,27,255,0.51,3,diesel,4,8.3,1,1,standard,0,65.65
166082,6,8,500,3,211,222,0.444,12,petrol,3,16.7,0,1,standard,1,51.39
84103,2,10,500,3,477,369,0.738,80,diesel,5,18.8,0,1,bulk,0,83.07
82895,6,9,1000,3,110,517,0.517,41,petrol,5,20.1,1,1,standard,0,76.93
121532,5,7,800,3,414,706,0.882,4,petrol,4,17,1,1,standard,0,71.85
22138,1,8,800,2,187,524,0.655,65,diesel,4,14.6,1,1,standard,0,77.65
127012,4,7,500,3,477,201,0.402,153,petrol,4,16.9,1,1,refrigerated,1,55.45
201298,7,8,1500,2,389,894,0.596,76,diesel,3,14.5,1,1,bulk,0,60.28
213029,9,6,800,2,447,600,0.75,118,petrol,3,13.6,0,0,fragile,3,57.83
280257,11,4,300,2,75,177,0.59,5,petrol,3,13.6,1,1,standard,2,52
80304,3,10,500,1,397,256,0.512,62,petrol,4,9.8,0,1,standard,0,81.91
45029,0,10,800,2,359,486,0.608,75,petrol,5,11.1,1,1,standard,0,85.08
221966,8,3,1000,2,176,650,0.65,83,diesel,2,13.4,0,1,standard,1,48.68
207752,6,5,800,2,217,559,0.699,47,diesel,2,14.1,0,1,standard,1,49.25
41077,1,9,800,2,318,554,0.692,146,diesel,3,17,0,0,refrigerated,1,74.72
193071,5,7,500,2,214,231,0.462,98,diesel,2,13.4,0,1,standard,1,44.55
260589,11,5,1000,1,170,758,0.758,78,electric,1,10.5,0,1,hazardous,0,52.99
64687,2,8,800,3,317,646,0.808,75,diesel,4,17.4,1,1,refrigerated,1,78.04
84271,2,10,500,2,102,412,0.824,43,diesel,4,15.2,1,1,standard,1,82.5
133752,6,8,1000,2,30,882,0.882,69,petrol,3,9.7,0,0,standard,3,67.09
221752,8,5,500,3,460,232,0.464,1,petrol,3,17.7,1,1,bulk,3,36.71
233432,8,8,300,1,43,183,0.61,179,diesel,2,7.8,1,0,bulk,0,57.26
156151,6,9,800,2,27,479,0.599,41,diesel,4,13.5,1,1,bulk,0,66.73
127559,3,8,800,1,21,536,0.67,46,petrol,4,7.5,1,1,standard,0,70.47
156747,8,5,1000,2,129,455,0.455,10,petrol,3,13.3,0,0,bulk,1,45.23
105725,4,9,500,1,21,369,0.738,215,petrol,3,9.4,1,1,bulk,0,82.93
239195,9,7,800,2,179,685,0.856,6,petrol,1,11.4,1,1,bulk,0,64.92
230211,9,6,500,2,95,439,0.878,1,petrol,3,15.4,0,0,standard,1,57.69
64382,2,10,500,2,483,257,0.514,155,petrol,3,14.6,1,1,bulk,0,74.66
93477,3,9,500,2,237,253,0.506,31,petrol,4,11.9,1,1,bulk,1,73.1
33697,1,10,800,2,281,393,0.491,342,diesel,4,16.2,0,1,bulk,0,68.67
25465,1,10,500,1,430,334,0.668,24,diesel,5,9.9,1,1,bulk,0,91.03
53880,2,9,800,1,352,416,0.52,63,diesel,4,10.1,1,1,standard,1,79.66
75301,2,9,1000,2,172,452,0.452,78,diesel,4,17,1,1,standard,0,71.82
213454,7,8,500,1,375,262,0.524,25,diesel,3,8.1,0,0,standard,0,63.35
268887,10,4,1500,2,174,887,0.591,17,diesel,2,11.4,0,1,fragile,2,48
17015,0,10,500,2,384,370,0.74,258,diesel,4,12.5,1,0,bulk,1,92.4
100741,2,8,1500,2,447,1275,0.85,12,diesel,3,11.8,1,0,bulk,1,78.32
154589,7,8,500,1,209,282,0.564,69,diesel,3,8.6,1,1,hazardous,1,69.25
75292,2,6,800,2,454,531,0.664,171,petrol,3,12.6,0,1,standard,1,61.37
270513,12,8,800,2,277,541,0.676,222,petrol,1,14,1,1,standard,1,50.47
143461,3,6,500,2,39,239,0.478,136,electric,3,12.7,0,1,standard,1,48.37
203536,7,6,800,3,239,658,0.822,26,electric,3,17.7,1,1,standard,0,65.38
189264,8,5,800,2,322,333,0.416,70,diesel,2,14.1,0,1,hazardous,3,39.03
51712,2,9,500,2,237,467,0.934,2,diesel,5,11.9,1,0,hazardous,0,78.62
174049,6,5,500,2,184,407,0.814,186,diesel,1,13.9,0,0,standard,0,52.68
85803,3,6,500,3,274,272,0.544,19,petrol,4,18.7,1,0,bulk,2,58.01
82795,4,9,500,2,265,235,0.47,14,diesel,5,11.7,1,0,bulk,0,65.51
130612,5,7,500,3,337,256,0.512,28,petrol,4,19.7,1,1,fragile,0,67.99
278119,11,7,500,2,358,425,0.85,13,diesel,2,15.2,1,0,bulk,2,62.07
99721,4,10,800,2,147,747,0.934,6,diesel,4,12.8,1,1,bulk,0,76.52
249473,9,4,800,2,95,521,0.651,33,petrol,3,11.7,1,0,standard,2,47.32
181976,6,10,800,1,25,755,0.944,1,diesel,2,7.7,1,1,bulk,0,77.37
228722,9,5,800,2,113,483,0.604,47,petrol,2,12.2,1,0,bulk,1,45.15
191542,7,8,300,1,419,254,0.847,8,electric,4,8.6,0,1,standard,0,72.65
91124,3,7,800,2,401,551,0.689,29,electric,4,14.4,1,1,standard,1,72.95
46262,1,10,500,3,57,431,0.862,311,diesel,3,19.8,1,0,refrigerated,1,78.61
65319,2,8,300,1,411,210,0.7,17,diesel,4,9,1,1,hazardous,0,85.92
28502,1,8,300,2,66,261,0.87,59,diesel,4,11.6,1,1,standard,0,87.93
25883,0,10,800,2,436,539,0.674,24,electric,4,16.2,0,1,standard,1,79.11
233920,8,6,500,1,356,390,0.78,65,diesel,2,8.7,0,1,standard,0,64.1
84676,2,10,800,2,277,586,0.732,66,diesel,4,12.3,1,1,standard,1,83.52
238074,9,7,800,2,105,641,0.801,64,electric,2,12.7,1,1,standard,0,72.93
227679,10,5,500,1,25,226,0.452,21,diesel,2,8.9,0,1,bulk,3,45.02
242506,10,7,300,1,370,135,0.45,152,petrol,1,6.8,0,0,standard,0,50.4
232014,10,8,500,1,480,398,0.796,32,petrol,1,8.3,1,1,standard,0,73.48
203354,8,6,500,2,459,445,0.89,12,diesel,3,14,1,1,standard,0,72.09
195837,9,6,300,2,242,227,0.757,23,diesel,3,12.2,1,1,bulk,0,67.92
223818,10,8,800,2,385,753,0.941,54,electric,3,12.2,1,0,standard,0,61.3
211813,10,8,800,2,356,658,0.822,39,diesel,1,10.9,0,1,fragile,0,67.65
182410,6,4,800,1,51,632,0.79,29,diesel,3,9.5,0,0,standard,1,67.1
101750,3,10,500,1,335,354,0.708,34,petrol,3,8.3,1,0,standard,0,83.19
152234,5,7,800,3,152,465,0.581,17,diesel,3,18.2,1,1,fragile,0,62.48
177650,7,5,1500,2,26,1258,0.839,19,electric,3,12.9,0,1,bulk,0,60.99
14113,0,9,500,1,101,393,0.786,1,petrol,4,7.8,1,1,standard,0,92.36
189869,8,6,300,2,404,156,0.52,1,diesel,2,12.3,1,1,standard,2,56.38
223433,7,8,1500,1,165,873,0.582,38,diesel,2,11.3,0,0,standard,0,63.78
35324,0,10,800,2,347,713,0.891,39,diesel,4,13.2,1,1,standard,1,88.2
78268,2,7,300,3,84,281,0.937,212,diesel,3,16,1,1,standard,0,63.45
161080,5,8,300,3,390,150,0.5,165,petrol,2,16.8,1,1,bulk,1,56.37
155135,4,5,1000,1,206,592,0.592,41,diesel,3,8.9,0,1,refrigerated,0,65.5
107314,4,8,800,2,289,656,0.82,21,diesel,4,15,1,1,bulk,0,78.8
169373,7,7,800,3,481,716,0.895,62,diesel,4,19.7,1,1,bulk,1,69.21
196359,8,8,800,2,159,535,0.669,16,petrol,3,12.6,1,1,standard,0,64.44
248676,9,7,1500,1,272,714,0.476,87,diesel,2,11,1,1,fragile,2,47.3
107230,3,8,500,2,45,371,0.742,113,diesel,4,12.5,1,0,standard,0,76.09
247318,10,5,300,1,452,293,0.977,54,diesel,3,9,1,1,bulk,1,58.02
70793,3,9,300,2,127,214,0.713,214,diesel,3,14.6,1,1,hazardous,0,88.49
137946,6,4,800,3,42,758,0.948,197,petrol,3,15.8,0,1,standard,0,52.43
84636,2,9,800,2,225,466,0.582,129,diesel,4,13.7,1,0,refrigerated,0,75.17
42284,2,10,500,2,102,419,0.838,43,diesel,4,14.4,1,0,bulk,0,88.48
91736,4,10,300,2,488,216,0.72,13,electric,4,11.1,1,1,fragile,0,81.56
181115,5,7,300,1,178,243,0.81,34,diesel,4,9.6,1,1,standard,1,77.06
48772,3,10,500,1,309,384,0.768,78,diesel,3,10.7,1,1,standard,1,90.38
80537,3,10,500,2,214,307,0.614,19,diesel,4,12.1,1,1,bulk,1,76.25
137625,4,5,500,1,337,375,0.75,133,petrol,3,9.4,1,1,hazardous,1,75.2
73556,3,9,1000,2,31,677,0.677,33,diesel,4,12.2,1,1,refrigerated,0,78.85
262836,11,3,800,2,148,662,0.828,24,diesel,2,12.7,0,1,fragile,1,53.28
106053,4,8,300,1,326,235,0.783,14,electric,4,10.8,1,0,refrigerated,1,81.66
46359,1,9,800,2,32,771,0.964,85,diesel,3,12.8,0,1,bulk,0,73.16
202917,8,6,300,1,306,163,0.543,16,petrol,3,7.8,1,0,standard,0,63.89
276659,11,7,800,1,95,635,0.794,46,diesel,2,10,1,1,standard,1,68.38
168941,6,7,300,1,72,147,0.49,44,diesel,2,9.9,0,1,refrigerated,0,53.96
198892,9,7,1500,1,140,603,0.402,230,petrol,2,7,1,1,fragile,1,52.78
77646,2,5,500,1,98,477,0.954,67,diesel,5,8.9,0,1,standard,2,71.24
234096,8,3,1000,1,179,725,0.725,122,diesel,2,10.8,1,1,bulk,1,57.23
174328,6,9,1500,1,112,1283,0.855,1,diesel,3,9.8,1,1,standard,0,82.85
139384,6,7,1000,2,386,448,0.448,189,petrol,3,12.5,0,1,hazardous,1,48.5
246017,9,5,500,2,308,207,0.414,14,diesel,2,14.7,0,0,hazardous,1,30.61
233797,8,5,800,3,95,763,0.954,55,diesel,1,16,1,1,standard,0,48.3
126015,5,9,800,2,286,491,0.614,6,diesel,3,12.3,1,1,bulk,0,73.96
22696,2,10,500,1,396,355,0.71,134,diesel,4,10.8,1,0,standard,0,94.76
241551,9,4,800,1,112,715,0.894,18,petrol,3,7,1,1,bulk,0,66.85
8948,0,7,1500,3,245,1276,0.851,3,diesel,5,16.7,1,0,fragile,1,78.74
44895,0,10,500,1,243,230,0.46,17,diesel,4,9.3,0,1,fragile,0,73.7
208300,7,7,1000,2,469,526,0.526,237,petrol,1,13.3,1,1,bulk,1,53.46
94208,3,9,300,1,242,202,0.673,42,petrol,4,9.8,1,1,bulk,0,81.86
224854,7,7,500,2,268,282,0.564,105,diesel,2,10.9,1,1,bulk,0,58.46
1011,0,10,1000,1,46,407,0.407,51,diesel,5,10.6,1,0,standard,1,79.41
240333,10,5,800,2,359,657,0.821,224,diesel,2,10,0,1,bulk,0,57.3
63918,4,10,800,2,384,497,0.621,27,petrol,4,14.1,0,1,standard,1,76.92
271623,9,5,500,2,464,401,0.802,8,diesel,1,13.1,1,1,hazardous,1,62.47
163065,5,6,500,2,269,358,0.716,31,diesel,3,13.1,1,1,standard,0,71
31022,2,8,500,1,71,377,0.754,87,petrol,4,10.8,0,1,bulk,1,85.65
260760,11,7,300,2,98,255,0.85,54,petrol,1,15.4,0,1,standard,2,58.5
120030,4,7,1500,2,87,1161,0.774,32,petrol,4,15.5,0,1,fragile,1,71.38
190193,6,8,500,2,397,242,0.484,88,diesel,3,13.7,1,0,standard,0,54.3
11127,0,7,1000,1,256,793,0.793,23,petrol,4,7.5,1,1,standard,1,87.76
231738,10,7,500,2,126,378,0.756,71,diesel,2,12.7,1,1,bulk,0,69.51
13382,0,10,1000,2,377,882,0.882,35,petrol,4,11.8,1,1,bulk,0,94.87
233082,10,5,1500,2,222,1118,0.745,72,diesel,2,11.6,0,0,standard,0,55.52
259007,11,4,1500,2,349,861,0.574,43,petrol,2,13.6,0,0,refrigerated,3,41.51
116828,4,3,500,2,484,266,0.532,30,diesel,3,14,1,0,hazardous,1,56.79
95560,3,10,500,2,74,327,0.654,81,electric,4,10.6,1,1,standard,0,80.48
152546,6,7,500,2,44,413,0.826,31,petrol,3,11,1,0,fragile,1,75.34
273471,10,6,1500,2,215,1010,0.673,146,petrol,2,12.1,1,1,standard,0,51.42
6944,0,10,1000,2,188,487,0.487,25,diesel,5,12.8,1,1,fragile,0,79.76
177919,5,8,500,2,91,445,0.89,258,diesel,1,11.6,0,1,fragile,1,69.9
3449,0,10,500,3,30,473,0.946,3,petrol,5,17.3,1,1,standard,0,78.71
184884,7,7,300,1,335,228,0.76,7,diesel,3,6,1,0,bulk,0,77.66
20883,2,10,800,3,22,638,0.798,141,petrol,5,19.9,1,1,refrigerated,0,84.14
73341,4,10,1000,1,77,581,0.581,91,diesel,3,8.6,1,0,bulk,0,77.24
280841,11,8,300,2,402,266,0.887,43,petrol,2,12.6,0,1,standard,0,65.13
148155,8,8,500,2,337,392,0.784,98,electric,2,13.7,0,1,fragile,3,64.72
176712,7,6,1000,2,404,581,0.581,7,diesel,3,10.5,0,1,standard,1,56.98
249390,12,4,1000,2,334,806,0.806,44,electric,2,12.9,0,1,hazardous,0,54.65
6472,0,8,500,3,71,227,0.454,275,diesel,4,18.5,1,1,standard,1,63.11
146808,6,10,800,3,58,562,0.702,87,petrol,2,17.7,1,1,bulk,0,73.76
227426,9,7,1500,2,364,990,0.66,29,diesel,2,12.9,0,1,standard,0,57.73
121843,4,5,500,1,235,478,0.956,5,diesel,4,6,1,1,bulk,0,68.61
16031,1,9,500,1,48,402,0.804,53,petrol,5,8.1,1,1,standard,0,91.54
160160,6,7,500,2,410,341,0.682,76,petrol,3,14.3,1,0,standard,1,56.65
17507,2,8,1000,2,418,775,0.775,136,electric,5,14.2,1,0,fragile,0,81.4
279208,11,5,300,2,445,165,0.55,182,diesel,1,12.9,1,1,standard,1,48.86
247514,10,5,500,1,125,238,0.476,9,diesel,2,6,0,0,bulk,0,43.4
238227,10,7,500,1,64,456,0.912,49,petrol,2,10.2,1,1,standard,0,64.89
80715,2,10,800,1,490,499,0.624,41,diesel,4,8.6,1,1,fragile,0,80.77
227035,8,5,800,3,388,457,0.571,26,diesel,3,18.5,1,1,bulk,0,47.49
245502,9,5,500,1,388,346,0.692,35,electric,2,10,1,1,bulk,1,61.12
257152,9,7,1000,2,90,805,0.805,21,petrol,2,12.7,1,0,refrigerated,0,62.17
119025,6,7,1500,1,120,1180,0.787,9,diesel,3,8.6,0,1,bulk,0,78.03
147125,4,6,300,3,204,266,0.887,17,diesel,3,19.7,1,1,standard,0,70.01
262144,10,3,800,2,195,328,0.41,18,electric,3,13.2,0,1,standard,1,35.9
253262,8,4,300,2,142,121,0.403,2,petrol,3,11.5,1,1,standard,1,42.51
235701,7,6,500,2,330,243,0.486,73,petrol,2,11.1,1,1,standard,1,48.16
48546,2,9,800,3,279,562,0.702,39,diesel,4,18.9,0,0,bulk,1,77.55
174876,8,7,300,2,248,258,0.86,8,petrol,4,13.9,0,0,standard,1,71.29
153348,9,9,800,2,311,463,0.579,64,diesel,4,14,1,1,standard,1,76.23
101173,4,7,800,1,188,356,0.445,81,petrol,2,8.7,1,1,standard,2,55.35
105446,7,6,1000,1,489,797,0.797,49,diesel,4,9.7,1,1,standard,1,78.94
57714,1,10,500,2,195,204,0.408,8,electric,5,15.7,1,1,standard,1,71.42
28543,0,9,300,1,485,200,0.667,26,diesel,4,11.7,1,0,standard,2,79.32
241063,9,5,1000,1,409,609,0.609,190,electric,2,11.5,0,1,standard,1,53.04
114914,5,10,1500,3,292,613,0.409,10,diesel,3,18.7,1,1,hazardous,0,59.59
179588,8,8,1000,1,61,855,0.855,1,electric,3,8.2,1,1,fragile,0,81.2
36700,0,10,800,1,412,484,0.605,15,petrol,5,9.6,0,1,standard,0,83.98
181431,7,7,300,3,53,283,0.943,69,diesel,2,18.2,0,1,bulk,1,57.62
103121,4,8,800,1,253,670,0.838,97,electric,3,10.4,1,1,fragile,2,85.22
66921,2,6,1500,2,182,1258,0.839,16,petrol,4,12.7,0,1,bulk,2,81.28
85912,3,9,500,3,98,471,0.942,129,diesel,4,16.9,0,1,standard,0,66.17
212330,9,9,800,3,248,459,0.574,55,petrol,2,16.9,1,0,bulk,1,52.55
67874,3,10,800,3,387,416,0.52,38,petrol,4,18.8,0,1,standard,0,73.05
116387,5,10,800,3,404,468,0.585,41,diesel,3,17.5,1,1,bulk,1,70.94
2717,0,10,500,1,63,298,0.596,55,diesel,3,10.4,1,1,hazardous,0,87.47
229018,9,7,500,2,385,381,0.762,16,diesel,3,13.7,1,0,standard,1,63.73
276062,11,5,300,2,142,221,0.737,12,diesel,2,13.7,0,1,bulk,1,57.59
137935,3,8,300,2,166,206,0.687,40,electric,3,10.7,1,0,fragile,0,67.39
229170,8,5,300,2,252,252,0.84,14,diesel,3,12.3,1,0,hazardous,1,62.51
188240,8,6,500,1,343,246,0.492,40,diesel,3,9.8,0,1,standard,3,52.34
114831,3,8,500,3,162,485,0.97,22,petrol,3,17,0,1,standard,0,68.37
2416,0,10,500,2,489,467,0.934,11,petrol,5,12,1,1,bulk,0,82.06
49367,2,10,800,1,147,656,0.82,8,electric,4,9.3,1,1,bulk,0,94.25
201571,8,6,500,2,245,458,0.916,30,diesel,2,11.9,1,1,standard,1,53.87
122208,6,9,500,3,284,398,0.796,41,petrol,3,17.6,1,0,standard,0,72.57
150307,4,8,800,2,379,715,0.894,318,petrol,3,12.8,0,0,hazardous,0,64.09
33478,0,10,800,1,117,641,0.801,32,diesel,5,6.4,0,1,bulk,1,90.23
181050,8,7,500,1,32,218,0.436,107,diesel,3,10.7,1,1,refrigerated,0,55.21
225812,8,5,1000,1,342,593,0.593,85,diesel,2,9.6,1,1,bulk,1,56.21
215509,9,8,1000,2,143,536,0.536,154,diesel,2,14.4,0,0,bulk,0,60.04
220794,8,6,800,3,387,489,0.611,80,petrol,2,20.1,1,1,bulk,1,62.9
106663,6,5,1000,1,211,855,0.855,51,petrol,3,8.8,1,0,bulk,1,70.69
255373,11,5,300,2,190,133,0.443,44,diesel,2,12.5,1,1,bulk,0,45.45
188729,6,3,500,3,398,463,0.926,12,diesel,3,18.2,0,1,hazardous,1,48.14
254700,10,7,500,1,399,388,0.776,221,diesel,2,10.2,0,1,fragile,0,67.28
50479,2,10,1000,2,297,722,0.722,138,petrol,4,13.4,1,1,bulk,0,91.98
80987,2,9,1000,1,479,416,0.416,57,diesel,3,13.5,1,1,bulk,1,74.04
73836,1,9,1000,1,222,710,0.71,206,electric,4,9.3,1,1,standard,0,94.05
260547,9,5,1000,2,153,683,0.683,14,petrol,2,13.4,1,1,standard,1,51.84
104972,5,9,800,3,267,502,0.628,85,diesel,3,15.5,0,0,standard,0,66.26
112672,4,9,1000,2,62,507,0.507,15,diesel,5,14.8,0,1,hazardous,0,74.61
122397,3,8,300,3,197,227,0.757,27,diesel,4,18.6,1,1,fragile,0,74.12
229921,8,7,1500,2,168,1271,0.847,41,petrol,3,13,1,1,fragile,0,72.31
260002,10,5,800,2,328,413,0.516,33,petrol,2,14.3,1,1,standard,0,56.4
117897,3,9,500,2,374,238,0.476,124,diesel,4,12.4,1,1,bulk,1,62.53
216427,9,7,300,1,302,250,0.833,44,petrol,3,10.4,1,1,bulk,2,69.71
205991,7,8,500,2,314,305,0.61,79,petrol,3,13.1,1,1,bulk,1,62.7
72419,3,7,500,2,88,333,0.666,34,diesel,4,9.2,1,1,standard,0,75.48
194653,9,4,800,2,89,689,0.861,7,petrol,3,13.2,0,0,hazardous,0,58.25
73396,3,7,1000,3,212,470,0.47,114,electric,4,16.3,1,1,bulk,0,60.68
126705,4,9,800,2,28,526,0.658,33,petrol,3,15.2,1,1,fragile,0,72.52
111610,3,8,1000,3,211,516,0.516,89,diesel,3,19.8,1,0,refrigerated,3,59.3
278584,10,3,1000,2,72,740,0.74,63,diesel,3,13.5,1,0,hazardous,0,56.53
75879,3,9,500,3,76,364,0.728,156,diesel,3,18.9,1,1,standard,0,78.07
185441,7,5,800,2,168,514,0.642,62,petrol,2,11.2,0,1,bulk,2,52.47
223512,9,4,300,2,342,220,0.733,170,diesel,2,12.5,1,0,standard,0,62.45
2534,0,10,300,2,35,289,0.963,116,petrol,4,11.7,1,1,standard,0,84.88
91968,4,10,800,2,23,688,0.86,74,diesel,4,13,1,1,fragile,0,86.1
170896,6,6,1500,3,396,928,0.619,108,diesel,3,17.7,1,0,standard,1,57.9
254405,9,5,500,2,228,239,0.478,29,petrol,2,11,1,1,bulk,0,40.56
151899,5,7,1000,1,364,425,0.425,1,diesel,2,9.3,0,1,refrigerated,1,58.95
268256,11,5,300,2,274,217,0.723,6,electric,2,13.4,1,1,standard,1,55.35
118064,3,10,300,1,397,230,0.767,43,diesel,4,9.5,1,1,bulk,0,86.22
224661,9,8,800,3,460,675,0.844,128,diesel,3,14.6,1,0,refrigerated,0,66.42
122434,3,6,1000,1,420,970,0.97,4,diesel,4,14.1,1,1,hazardous,0,69.36
75962,3,10,800,1,22,710,0.888,119,diesel,4,10.8,1,1,standard,0,89.29
55128,3,10,300,2,73,127,0.423,55,petrol,3,12.9,0,1,standard,0,67.63
67626,3,10,500,1,361,215,0.43,35,diesel,3,8.9,1,1,standard,0,70.86
161956,6,8,1000,2,101,693,0.693,39,petrol,3,15.3,1,1,bulk,1,67.33
17823,0,8,300,1,252,271,0.903,12,petrol,5,8.6,1,0,fragile,0,83.64
84568,3,8,1000,1,364,604,0.604,6,diesel,5,8.4,1,1,fragile,1,77.11
85300,2,9,300,1,227,185,0.617,17,diesel,3,10.7,1,1,standard,0,81.61
94519,4,10,1000,1,192,455,0.455,39,petrol,4,10.6,1,1,standard,0,77.77
191931,8,4,800,2,460,362,0.452,26,petrol,3,12.9,0,1,fragile,0,49.27
6727,0,10,800,1,440,628,0.785,110,petrol,4,10.9,1,1,bulk,1,93.89
261317,10,4,800,2,221,493,0.616,52,petrol,2,14.2,1,0,refrigerated,1,48.7
242616,8,7,1000,3,20,560,0.56,31,diesel,2,17.2,0,0,hazardous,1,46.98
173859,8,7,500,2,271,397,0.794,121,petrol,3,14,1,0,standard,3,62.14
254775,10,7,1000,2,20,689,0.689,19,petrol,2,13.6,1,0,bulk,2,50.54
74723,1,9,1500,1,172,858,0.572,43,diesel,5,10.7,1,1,fragile,1,77.4
127561,6,7,800,3,494,648,0.81,9,diesel,4,18,1,1,standard,0,74.87
107651,4,4,300,2,348,186,0.62,27,petrol,5,14.2,0,0,refrigerated,0,58.57
226760,8,3,800,2,425,533,0.666,101,petrol,1,12.1,0,1,bulk,0,44.89
267120,9,7,800,2,390,718,0.898,3,diesel,2,14.4,0,1,fragile,1,62.46
230316,11,5,800,1,32,326,0.408,112,electric,2,11.6,0,1,fragile,1,42.99
255860,11,7,300,3,77,258,0.86,19,petrol,3,19.5,1,1,refrigerated,1,62.19
140015,7,9,1000,2,265,483,0.483,134,petrol,3,13.9,0,1,standard,1,62.23
271403,9,3,800,2,319,715,0.894,27,petrol,1,15.3,0,1,bulk,1,48.42
142274,6,7,300,2,282,271,0.903,186,diesel,3,12.5,1,1,standard,3,58.81
11412,1,10,500,2,384,366,0.732,21,diesel,5,12.5,0,1,hazardous,0,95.9
204242,6,5,800,2,255,751,0.939,51,diesel,3,13,0,1,bulk,0,49.27
99733,4,10,500,3,239,298,0.596,19,diesel,4,19,1,1,standard,0,73.97
153349,4,5,1000,1,199,951,0.951,13,petrol,3,9.7,0,1,fragile,1,59.63
18185,0,10,500,3,490,225,0.45,11,petrol,4,19.1,1,1,standard,0,67.47
208762,8,8,800,2,454,726,0.908,17,diesel,3,12.5,1,1,bulk,0,67.19
239924,9,7,300,3,64,264,0.88,146,diesel,3,16.1,0,1,standard,0,58.74
206027,7,6,800,2,180,625,0.781,109,diesel,3,11.4,0,1,hazardous,0,68.54
190451,8,4,500,2,333,327,0.654,29,diesel,4,13.3,1,1,fragile,0,54.01
243815,9,5,800,3,158,685,0.856,21,diesel,2,18.7,1,1,bulk,1,58.38
85900,3,8,800,2,487,403,0.504,269,diesel,2,12.8,0,1,standard,0,62.72
109211,4,9,1000,2,103,403,0.403,40,petrol,4,13.1,0,0,bulk,0,58.3
216903,9,6,1500,2,32,823,0.549,16,diesel,3,13.9,0,0,fragile,0,54.81
229450,9,5,500,3,386,243,0.486,52,petrol,2,14.5,1,0,hazardous,1,38
169463,7,8,1000,1,245,925,0.925,80,petrol,3,8.6,1,1,hazardous,0,79.79
58760,2,10,500,2,124,427,0.854,75,electric,4,11.5,1,1,standard,0,90.12
77853,1,7,500,2,348,407,0.814,126,petrol,4,13.5,1,1,fragile,2,78.02
238227,9,5,1000,1,97,943,0.943,26,electric,2,10.1,1,1,standard,1,53.2
15206,0,10,500,2,306,456,0.912,9,diesel,5,14,1,1,standard,0,83.61
42582,1,10,800,2,102,490,0.612,13,petrol,4,12.3,1,1,fragile,0,82.09
164159,5,8,800,1,53,432,0.54,18,diesel,3,8.3,1,1,bulk,1,69.73
241035,10,4,1000,2,427,737,0.737,6,petrol,4,13.3,0,0,bulk,1,52.95
257251,10,2,300,1,335,230,0.767,4,diesel,1,8.4,0,0,bulk,4,43.28
195429,6,8,300,3,317,120,0.4,48,diesel,3,20,0,1,fragile,1,51.57
233102,8,3,500,2,387,400,0.8,139,diesel,1,12.3,0,0,standard,2,46.6
244426,9,7,500,2,192,400,0.8,33,petrol,2,13.7,0,1,fragile,1,59.41
108253,5,10,300,2,94,203,0.677,38,diesel,4,15.1,0,0,standard,1,69.27
11280,0,7,1000,2,267,708,0.708,38,diesel,4,14.1,0,1,fragile,1,76.48
72519,3,9,800,3,48,717,0.896,66,diesel,4,17.6,1,1,standard,0,77.78
272396,9,10,500,2,135,234,0.468,116,petrol,2,12.6,1,0,standard,0,56.2
262784,9,4,800,1,347,498,0.622,45,petrol,3,9.1,0,1,standard,3,49.55
164200,8,7,300,1,199,186,0.62,2,diesel,3,11.7,0,1,standard,0,67.43
41594,0,10,500,1,188,338,0.676,114,diesel,4,10.5,1,1,standard,1,84.22
263447,9,4,500,1,67,292,0.584,7,petrol,2,7.9,0,0,standard,2,48.22
145634,7,9,1000,2,352,900,0.9,24,diesel,4,11,1,1,hazardous,0,86.99
180647,7,5,800,2,405,674,0.842,14,petrol,3,14.2,0,0,bulk,1,60.79
113570,5,10,800,2,116,573,0.716,365,electric,2,9.8,1,1,bulk,0,78.53
90903,3,8,1000,3,296,701,0.701,65,diesel,3,17.5,1,1,standard,1,73.66
146667,5,7,800,2,280,751,0.939,64,petrol,3,13.4,0,1,hazardous,0,63.5
77375,4,8,800,2,428,516,0.645,24,diesel,5,11.2,1,1,standard,0,71.14
148533,6,5,500,1,36,459,0.918,126,diesel,3,8,0,1,refrigerated,1,60.66
195387,8,6,1000,2,165,625,0.625,1,diesel,3,12.8,0,1,bulk,2,54.68
31334,1,8,500,3,216,387,0.774,63,petrol,4,17.8,0,0,fragile,0,70.34
117728,3,9,500,2,403,450,0.9,97,petrol,3,12.4,1,1,hazardous,1,78.25
210327,9,5,800,2,333,585,0.731,1,petrol,3,11.6,0,0,bulk,0,58.62
44732,2,7,1500,2,445,1287,0.858,20,petrol,4,12.8,0,1,standard,1,77.12
270574,10,2,800,2,119,621,0.776,22,diesel,2,13.7,0,0,fragile,1,41.55
87106,2,10,1000,2,30,587,0.587,53,petrol,4,12.7,1,0,bulk,0,77
198746,7,6,300,1,361,193,0.643,6,diesel,3,8.6,1,1,bulk,1,56.7
22101,2,10,500,3,279,346,0.692,83,diesel,5,18.6,1,1,fragile,0,75.33
127640,5,8,800,1,240,468,0.585,50,diesel,3,9.8,1,0,bulk,1,64.7
70764,2,7,800,2,237,583,0.729,9,petrol,5,13,1,0,hazardous,0,77.24
22092,2,10,800,2,78,669,0.836,10,petrol,4,13.3,1,1,bulk,0,98.46
149626,7,5,500,2,330,240,0.48,157,petrol,2,15.6,0,1,standard,1,51.22
149236,6,6,800,3,372,489,0.611,2,diesel,3,14,1,0,fragile,0,59.48
31646,0,10,1000,2,208,656,0.656,1,diesel,4,12.3,1,1,standard,0,82.57
78221,3,9,500,1,241,381,0.762,231,diesel,4,7.3,0,0,hazardous,0,81.95
277726,12,7,800,2,133,419,0.524,140,diesel,1,10.6,1,1,standard,1,54.77
3203,0,9,1000,1,37,502,0.502,20,diesel,4,11.6,1,1,fragile,0,85.26
197978,8,7,1000,1,240,835,0.835,1,electric,1,6.5,1,1,refrigerated,0,75.25
123670,5,10,800,2,378,719,0.899,60,petrol,4,11.4,1,1,standard,0,84.63
94299,3,6,500,2,422,430,0.86,96,diesel,5,14,1,1,refrigerated,0,77.57
106080,4,8,1500,2,418,978,0.652,5,diesel,3,15,0,1,fragile,1,73.29
111031,3,10,1000,3,476,785,0.785,45,diesel,4,16.6,1,1,standard,0,79.39
36570,1,8,500,2,39,260,0.52,127,petrol,4,9.3,1,1,standard,0,71.82
46263,1,8,1000,1,172,563,0.563,182,petrol,4,9.9,1,1,bulk,0,77.17
232228,8,7,300,2,236,199,0.663,3,diesel,3,14.7,1,1,bulk,0,60.83
188767,7,4,800,2,175,443,0.554,18,diesel,3,13.3,0,1,standard,2,45.6
160910,4,7,1500,2,32,1250,0.833,1,diesel,3,13.9,0,1,bulk,0,76.4
110931,5,9,1500,1,437,1407,0.938,40,diesel,4,8,1,1,standard,1,79.28
176251,7,6,800,2,315,545,0.681,102,petrol,3,12,0,1,bulk,2,57.06
93225,5,10,800,1,412,590,0.738,27,diesel,4,7.6,1,1,bulk,0,86.13
47444,3,8,1000,3,35,892,0.892,43,electric,4,21.1,0,1,standard,0,77.97
237641,10,1,1500,1,486,1314,0.876,114,petrol,1,10.5,0,0,bulk,2,51.86
152996,5,7,800,2,390,475,0.594,138,electric,1,12.4,1,1,standard,2,62.44
226589,9,6,1000,2,292,845,0.845,24,diesel,3,13.5,0,1,bulk,2,64.92
2504,0,9,1500,3,69,1080,0.72,103,diesel,5,17.1,1,1,standard,0,85.15
231026,9,7,500,1,270,208,0.416,25,diesel,2,11.3,1,1,standard,0,53.8
245553,11,9,800,2,124,438,0.548,20,diesel,2,11.1,1,1,bulk,0,63.44
226682,7,5,1000,2,142,650,0.65,16,petrol,2,12.3,1,1,standard,1,53.24
251516,9,5,500,2,205,448,0.896,3,electric,2,13.8,1,1,fragile,0,64.88
20944,0,10,500,3,451,210,0.42,1,petrol,5,18.6,1,1,refrigerated,0,71.85
243163,8,5,1000,2,328,857,0.857,7,electric,3,11.6,0,1,bulk,0,63.04
258055,10,8,1500,2,255,1351,0.901,1,diesel,3,12.3,1,1,bulk,2,60.65
216959,8,5,800,1,43,740,0.925,2,diesel,4,9,1,1,fragile,2,55.19
85930,4,9,300,2,209,128,0.427,134,diesel,5,13.6,1,1,hazardous,2,62.96
75427,3,8,800,1,345,644,0.805,13,diesel,4,11.2,0,1,fragile,0,86.86
150976,4,5,1500,1,403,825,0.55,16,diesel,2,6.1,0,1,bulk,2,57.74
168993,7,8,300,3,191,171,0.57,38,petrol,3,17.4,1,1,bulk,0,59.98
205532,7,7,1000,2,84,789,0.789,7,diesel,3,13.8,0,0,standard,0,67.39
168865,7,7,800,1,353,721,0.901,139,diesel,2,8.8,1,1,bulk,0,62.54
194665,7,8,1500,3,245,1097,0.731,90,diesel,3,20.2,1,1,refrigerated,1,65.58
223615,7,8,1000,1,146,702,0.702,58,diesel,2,8.6,1,1,hazardous,0,71.84
48833,1,10,800,1,395,453,0.566,10,petrol,5,12,0,0,bulk,0,82.61
155031,6,6,300,2,223,173,0.577,11,diesel,4,12.1,1,1,bulk,2,62.98
53514,2,9,500,2,140,236,0.472,30,diesel,5,15.4,1,1,hazardous,0,69.53
85227,4,10,800,1,127,783,0.979,5,electric,3,12.5,1,1,standard,1,78.84
18232,0,8,500,1,190,441,0.882,22,petrol,5,6.9,1,1,fragile,0,94.28
43121,1,10,1000,2,264,806,0.806,170,petrol,2,10.4,1,1,standard,0,92.09
120613,5,10,1500,3,373,920,0.613,6,diesel,4,19.6,1,1,refrigerated,1,67.64
81606,2,10,1500,2,51,1139,0.759,2,diesel,4,10.5,1,1,standard,0,87.48
84088,3,10,1000,1,129,565,0.565,18,electric,3,7.5,0,1,fragile,1,73.7
157292,5,10,1500,2,472,684,0.456,52,diesel,3,12.5,0,1,standard,1,57.74
13637,0,10,800,2,97,504,0.63,2,electric,5,13.3,1,1,fragile,0,75.7
146188,4,10,500,2,111,355,0.71,93,petrol,3,12.7,1,1,standard,0,85.14
207000,8,4,500,1,178,443,0.886,171,diesel,2,7.1,0,0,bulk,2,59.98
49103,1,8,500,1,458,482,0.964,14,diesel,3,10.5,1,1,standard,0,77.31
266664,10,6,1000,1,313,827,0.827,27,diesel,2,7.7,1,0,bulk,0,68.86
271814,12,6,500,3,406,279,0.558,13,diesel,2,17,0,1,standard,1,49.74
186189,6,8,800,1,81,771,0.964,10,diesel,2,8.6,1,1,fragile,1,68.45
167137,5,8,800,2,484,493,0.616,30,petrol,3,12.6,1,1,standard,0,63.82
60218,2,7,300,2,75,244,0.813,15,diesel,4,10.6,1,1,fragile,0,79.61
91427,4,8,800,1,268,715,0.894,166,diesel,4,9.2,0,1,standard,1,78.47
238425,10,7,1000,2,474,562,0.562,96,diesel,2,12.9,0,1,bulk,0,52.45
174648,7,5,500,1,166,283,0.566,73,petrol,3,10,0,1,standard,0,57.68
170518,6,7,500,1,265,403,0.806,21,petrol,2,10.1,0,1,standard,1,72.99
200006,7,10,1000,3,74,939,0.939,72,petrol,3,18.8,1,1,standard,0,63.73
76113,3,9,500,2,308,423,0.846,50,petrol,3,12.6,0,0,standard,1,77.16
251258,10,8,800,2,279,464,0.58,1,diesel,2,11.5,1,1,bulk,3,55.35
57345,1,10,800,2,293,598,0.748,24,diesel,4,12.4,1,1,standard,1,89.31
160230,4,8,300,1,73,207,0.69,247,petrol,1,8.1,1,0,fragile,1,64.5
132787,6,8,800,1,304,378,0.472,159,diesel,2,10.9,0,1,fragile,0,56.93
179623,9,7,500,2,100,283,0.566,124,diesel,3,13.2,1,1,standard,0,66.54
229299,8,5,500,2,296,375,0.75,62,petrol,3,11.4,0,0,standard,2,50.42
42378,3,10,300,2,158,214,0.713,15,petrol,4,12,1,1,refrigerated,0,88.81
46073,3,8,500,3,298,350,0.7,83,petrol,4,19.5,0,1,standard,2,72.43
235796,9,5,500,2,273,328,0.656,1,diesel,2,15.5,0,1,bulk,2,45.44
22525,2,9,1000,1,55,593,0.593,102,electric,4,9.2,1,1,hazardous,0,86.06
268162,9,5,500,2,279,346,0.692,23,diesel,1,11.7,1,1,hazardous,1,50.79
35704,1,9,1500,2,252,1104,0.736,64,petrol,5,15.3,0,0,fragile,0,82.99
95372,3,9,500,2,27,277,0.554,24,diesel,4,13.2,0,1,standard,0,70.79
201149,7,8,1000,1,194,966,0.966,79,electric,2,8.9,0,1,standard,0,63.23
220400,7,7,800,1,468,399,0.499,75,petrol,2,7.6,1,1,bulk,0,52.08
180818,6,7,800,1,496,383,0.479,18,petrol,3,9.4,0,1,fragile,0,50.28
90228,3,7,1000,1,116,955,0.955,218,diesel,3,9.1,1,1,bulk,2,65.56
209840,8,5,500,2,390,225,0.45,12,petrol,2,13.2,1,1,bulk,0,46.59
45505,0,9,500,2,380,472,0.944,21,petrol,4,14.2,1,1,standard,0,79.52
53806,2,9,800,2,200,369,0.461,165,diesel,4,13.9,1,1,standard,2,66
59166,4,8,800,2,215,376,0.47,7,diesel,4,13.3,1,1,standard,0,69.13
60749,0,8,800,2,379,404,0.505,1,petrol,5,15.9,0,1,bulk,2,74.67
187788,6,5,500,1,71,363,0.726,4,diesel,2,7.7,1,1,standard,1,68.78
271764,12,4,1000,2,416,641,0.641,156,diesel,1,11.2,1,1,standard,2,44.54
159611,7,10,800,1,428,637,0.796,22,diesel,3,10.8,1,1,standard,0,82.04
70759,2,10,1000,1,433,657,0.657,45,diesel,5,8.4,1,1,fragile,0,83.67
155274,6,8,500,3,346,344,0.688,157,petrol,2,17.2,1,1,refrigerated,0,62.05
119788,4,8,300,1,124,221,0.737,36,diesel,3,7.1,1,1,refrigerated,2,82.56
145531,4,7,300,2,34,261,0.87,6,diesel,3,14.3,1,1,bulk,1,85.94
94890,3,7,800,3,198,390,0.488,94,electric,3,19.1,1,1,bulk,0,58.87
107077,5,10,800,2,43,515,0.644,30,diesel,3,13.2,1,1,standard,0,77.03
92114,3,10,800,2,77,528,0.66,2,diesel,4,11.6,0,1,bulk,1,68.01
91944,3,7,300,2,402,126,0.42,36,petrol,5,13.3,1,1,standard,0,61.93
16623,0,10,800,1,34,420,0.525,28,diesel,5,8.3,0,1,hazardous,0,85.04
2070,0,10,500,3,328,361,0.722,71,diesel,5,16.6,1,1,fragile,1,84.28
85550,1,8,1000,1,86,728,0.728,41,petrol,5,6.5,0,1,fragile,2,83.35
97648,3,8,800,1,485,728,0.91,32,petrol,4,8.1,1,0,bulk,2,68.52
259720,10,4,1000,3,418,547,0.547,17,diesel,2,18.4,0,0,bulk,0,38.52
239642,11,6,500,3,285,349,0.698,56,diesel,2,21.9,1,1,refrigerated,1,53.73
87166,4,10,1500,2,135,768,0.512,132,electric,4,12.8,1,1,standard,0,72.3
136683,4,7,1000,1,264,796,0.796,9,petrol,4,8.6,1,1,standard,0,83.45
71226,2,10,500,2,288,375,0.75,29,petrol,3,13.8,1,1,bulk,2,86.14
48053,0,7,500,3,217,388,0.776,31,electric,5,20.4,1,0,standard,0,74.77
239006,7,9,1000,2,450,841,0.841,33,petrol,3,11.9,1,1,bulk,2,70.67
8755,0,10,500,2,249,440,0.88,142,diesel,5,14.2,1,1,bulk,0,94.47
79366,3,9,1000,2,286,416,0.416,1,electric,5,13.2,1,1,standard,0,69.08
106955,4,8,1500,2,191,1006,0.671,78,petrol,3,10.2,0,1,bulk,1,69.26
138197,4,3,500,2,407,425,0.85,22,diesel,2,12.8,0,1,standard,2,59.13
118620,5,6,500,2,276,324,0.648,265,petrol,2,12.8,0,1,standard,1,57.4
56857,1,10,300,2,223,231,0.77,35,diesel,4,13.5,1,1,standard,0,89.43
239108,9,4,1000,3,414,958,0.958,77,diesel,3,19.3,1,1,standard,2,51.04
51580,4,8,500,2,144,304,0.608,7,diesel,4,13.8,1,1,hazardous,1,77.39
23015,2,10,500,2,212,255,0.51,42,diesel,4,13.7,1,0,fragile,0,84.56
53231,3,10,300,3,477,247,0.823,71,diesel,5,14.3,1,1,standard,0,85.84
54952,1,8,1500,2,107,913,0.609,3,diesel,4,13.7,1,1,standard,0,80.56
276903,12,6,500,2,70,235,0.47,115,diesel,2,11.9,0,0,bulk,0,40.24
100343,3,10,1000,2,154,449,0.449,12,diesel,5,13.7,1,1,standard,0,71.92
172857,6,8,800,2,187,635,0.794,4,diesel,2,14.9,1,1,bulk,0,77.78
150190,5,7,500,1,22,437,0.874,175,diesel,2,9.5,1,0,fragile,0,78.52
63586,1,9,500,2,443,314,0.628,47,diesel,4,10.9,0,1,refrigerated,0,72.97
189249,8,4,300,2,302,150,0.5,132,diesel,3,11.8,0,1,bulk,0,53.5
216295,10,8,800,3,131,684,0.855,23,petrol,2,19.6,1,1,fragile,0,72.81
268476,11,6,1000,1,67,764,0.764,121,diesel,1,10.1,1,1,fragile,1,66.63
151343,6,8,500,2,187,397,0.794,57,petrol,2,12.5,0,1,bulk,1,65.99
167660,8,8,800,3,488,646,0.808,108,petrol,3,18.8,1,1,refrigerated,1,68.24
5324,0,10,800,1,84,562,0.702,65,electric,5,8.5,1,0,standard,0,96.96
125127,4,9,1000,1,411,794,0.794,7,diesel,4,10.2,1,1,standard,0,91.41
38244,1,7,800,2,59,592,0.74,74,petrol,5,15,0,1,bulk,0,80.86
44304,1,9,500,2,328,313,0.626,167,diesel,4,17.1,1,1,fragile,0,78.59
280570,10,6,800,1,179,588,0.735,61,petrol,1,8.8,1,1,standard,0,68.66
269269,10,5,800,3,271,449,0.561,31,diesel,2,17.5,1,1,fragile,1,55.57
254830,10,5,1000,2,230,523,0.523,37,diesel,3,13.9,1,1,standard,1,53.5
34935,1,8,500,1,50,483,0.966,29,diesel,3,9.1,1,0,bulk,0,73.85
46847,1,6,300,2,372,145,0.483,183,petrol,3,14.3,1,1,bulk,0,58.3
173501,7,6,300,1,128,264,0.88,143,diesel,2,8,1,1,standard,0,70.45
223176,8,7,500,2,42,303,0.606,98,electric,2,13.3,1,1,bulk,1,60.42
279076,11,8,800,2,68,685,0.856,17,diesel,2,12.5,1,0,refrigerated,0,66.52
9495,0,9,1000,2,109,407,0.407,245,diesel,4,10.1,1,1,standard,0,75.11
210743,8,7,500,2,117,410,0.82,62,diesel,3,13.8,1,1,standard,0,70.85
8789,0,6,1000,1,144,977,0.977,33,diesel,5,9,1,0,standard,0,75.14
197305,7,7,300,3,140,178,0.593,1,electric,4,18,1,1,standard,1,58.49
696,1,9,1500,2,24,1373,0.915,25,diesel,4,14,0,1,bulk,0,78.54
150571,6,6,1000,2,484,450,0.45,1,diesel,3,13,1,1,bulk,4,51.33
120895,5,10,1000,2,420,665,0.665,169,electric,3,10.3,1,1,standard,1,69.78
248045,9,5,800,3,453,605,0.756,184,electric,2,14.9,1,1,hazardous,2,52.17
211109,8,6,500,1,461,446,0.892,76,diesel,2,7.3,1,1,bulk,2,68.4
136932,5,7,800,1,76,429,0.536,33,diesel,3,7.9,0,1,standard,0,65.58
237740,7,4,300,3,450,238,0.793,3,diesel,2,15.8,1,1,bulk,2,54.2
93388,2,9,1500,3,99,1187,0.791,110,electric,4,16.7,1,1,standard,0,73.27
18937,0,10,500,1,234,279,0.558,16,petrol,4,9.1,1,1,standard,1,85.87
48719,2,9,1000,1,483,572,0.572,16,petrol,4,9.3,1,0,standard,2,76.3
277927,12,4,800,2,332,424,0.53,24,diesel,2,11.6,1,1,fragile,1,52.52
224968,8,6,500,1,215,437,0.874,4,electric,2,9.1,1,1,standard,0,71.19
144666,6,8,500,2,59,324,0.648,6,electric,3,12.9,0,1,refrigerated,2,62.3
246790,10,7,800,3,339,431,0.539,82,diesel,3,19.6,1,1,standard,1,51.8
202665,9,6,800,2,410,358,0.448,11,diesel,2,13.7,1,1,standard,0,50.58
75729,3,10,1000,1,319,797,0.797,3,petrol,5,9.7,1,1,refrigerated,1,86.43
183908,7,9,300,2,405,282,0.94,23,petrol,3,14.2,0,1,fragile,0,62.43
128264,5,7,800,2,94,425,0.531,43,diesel,3,13.6,1,0,hazardous,1,62.82
88607,3,6,300,3,226,263,0.877,10,diesel,4,18.1,1,1,bulk,0,72.19
155943,5,8,500,2,72,463,0.926,82,electric,3,15.1,1,1,standard,1,63.65
106320,3,10,800,2,215,626,0.782,13,diesel,4,13.7,0,1,hazardous,0,87.17
233282,11,6,800,2,378,588,0.735,1,petrol,4,11.8,0,1,standard,0,63.24
5794,0,10,500,3,281,454,0.908,28,petrol,5,15.7,1,1,standard,0,86.19
177295,6,8,800,2,175,690,0.862,69,diesel,3,12.5,1,1,refrigerated,0,74.74
2036,0,9,1500,2,427,1029,0.686,29,diesel,4,13.8,1,0,fragile,0,78.99
271653,10,6,1000,3,235,658,0.658,44,diesel,3,20.7,0,1,standard,0,53.67
206695,9,7,800,2,89,727,0.909,36,diesel,3,13.7,1,0,bulk,0,63.25
40109,0,10,500,2,21,451,0.902,6,diesel,4,13.6,1,1,refrigerated,1,75.04
217292,9,5,1000,3,78,631,0.631,57,diesel,2,16.4,0,1,standard,4,45.64
235465,10,8,800,3,50,729,0.911,193,diesel,1,17.4,1,1,standard,0,52.99
80055,3,8,1000,2,392,723,0.723,73,petrol,4,13.1,1,1,bulk,0,90.44
75118,3,7,500,2,357,383,0.766,16,diesel,5,13.6,0,1,standard,0,76.95
271410,11,4,1000,1,217,893,0.893,5,petrol,1,7.4,0,0,refrigerated,2,55.95
173598,7,8,300,2,215,219,0.73,18,petrol,2,14.7,1,1,standard,1,72.27
7250,2,10,1000,2,338,551,0.551,4,diesel,5,14.8,0,0,bulk,0,78.05
135303,6,8,800,3,327,459,0.574,30,diesel,4,18,1,0,standard,1,61.99
180207,7,6,1500,3,372,1377,0.918,24,petrol,3,20,1,0,hazardous,0,59.71
155197,7,8,1000,2,490,543,0.543,27,diesel,2,12.9,1,0,fragile,0,67.63
252927,10,6,800,1,322,558,0.698,12,petrol,2,8.1,0,0,standard,1,50.85
77993,2,9,500,2,283,327,0.654,128,diesel,3,12.7,1,1,standard,0,72.91
19845,0,9,800,1,169,483,0.604,20,petrol,5,8.1,0,1,standard,2,80.68
227381,8,9,1000,2,389,676,0.676,72,diesel,2,11.9,1,0,bulk,0,58.77
172753,7,5,500,1,220,288,0.576,36,electric,2,11.4,1,0,bulk,1,62.84
27664,0,8,1000,3,135,570,0.57,27,electric,5,16.1,1,1,standard,0,76.75
151779,4,7,500,2,145,396,0.792,7,diesel,4,11.4,0,1,bulk,1,73.57
44527,2,10,300,3,144,277,0.923,107,diesel,5,18.2,1,1,bulk,1,76.62
81898,1,6,500,3,410,469,0.938,53,electric,3,19,0,1,standard,0,59.75
227313,8,8,1000,3,27,945,0.945,35,diesel,3,17,1,1,standard,0,59.43
161696,4,7,1500,2,316,1296,0.864,84,diesel,3,16.9,1,0,bulk,3,67.43
159046,7,9,500,2,470,206,0.412,10,diesel,2,13.2,1,1,hazardous,0,58.64
209926,10,6,800,1,144,347,0.434,34,diesel,2,9.6,1,1,standard,1,50.63
192443,7,10,1500,3,84,1096,0.731,28,diesel,3,18.6,0,1,bulk,0,75.79
73918,3,7,300,3,196,132,0.44,67,diesel,3,13.8,1,1,refrigerated,0,58.92
149040,7,7,300,2,494,189,0.63,115,electric,3,14.1,0,0,standard,2,55.29
146045,4,8,800,1,331,674,0.842,5,diesel,3,11.5,1,1,standard,1,82.16
2686,0,10,300,1,173,250,0.833,30,electric,5,9.2,0,1,standard,0,92.67
107077,4,8,300,2,184,254,0.847,239,diesel,3,12.7,1,1,standard,0,74.67
220994,9,4,500,1,277,249,0.498,1,petrol,3,12.1,0,0,bulk,2,42.52
260794,11,6,1500,1,212,1202,0.801,65,petrol,2,11.5,1,1,standard,0,62.77
93074,3,9,500,1,478,438,0.876,14,diesel,4,9.6,0,1,bulk,0,83.23
224994,9,6,500,2,64,411,0.822,18,electric,2,14.8,1,0,fragile,1,66.6
204061,8,8,800,1,449,651,0.814,196,electric,2,8.3,1,1,bulk,0,72.47
117895,3,10,300,1,325,211,0.703,22,diesel,4,6,1,1,standard,0,88.75
113065,4,6,500,2,26,348,0.696,163,petrol,3,14.2,1,0,standard,0,58.84
168917,5,7,500,2,220,445,0.89,39,petrol,4,12.4,0,1,bulk,0,67.76
241039,7,6,1000,2,288,921,0.921,13,electric,2,12.2,0,0,standard,0,48.57
231778,9,5,500,1,361,216,0.432,28,diesel,2,9.6,1,1,bulk,0,53.65
273757,11,4,800,1,407,482,0.602,47,petrol,2,8.5,0,0,bulk,1,46.65
126255,5,7,1000,3,147,411,0.411,43,diesel,3,15.6,1,0,bulk,0,53.58
23294,0,10,1500,3,322,678,0.452,339,diesel,4,16.4,1,1,standard,1,73.09
12314,1,10,300,3,116,149,0.497,14,diesel,4,18,1,1,standard,0,64.37
218341,9,8,300,2,470,137,0.457,28,diesel,2,10.8,0,1,refrigerated,1,42.87
115196,4,8,300,1,359,161,0.537,79,diesel,4,8.3,0,1,standard,0,73.3
257164,10,4,1000,1,77,502,0.502,33,electric,2,10,1,1,standard,0,51.18
994,0,10,1000,2,264,841,0.841,24,diesel,4,10.9,1,0,standard,0,93.39
226535,9,5,1000,1,330,773,0.773,140,electric,2,8.5,0,0,standard,1,55.06
33501,0,9,300,2,442,247,0.823,3,petrol,5,12.4,1,1,standard,1,84.9
253749,11,8,1000,1,86,534,0.534,51,diesel,2,10.1,1,1,hazardous,0,69.51
216881,7,6,500,2,402,300,0.6,27,diesel,2,14,1,0,standard,0,53.19
106208,2,6,300,1,438,199,0.663,51,diesel,4,12.7,1,0,standard,0,71.2
230491,9,6,800,3,352,708,0.885,51,petrol,3,20.9,1,1,hazardous,0,58.93
205516,8,6,300,2,427,135,0.45,14,diesel,2,14,1,0,fragile,0,42.77
137937,4,8,800,2,81,373,0.466,5,diesel,4,10.6,1,1,bulk,1,59.05
58101,1,10,500,3,185,235,0.47,104,petrol,3,18.9,1,1,standard,1,62.48
270302,10,6,500,1,287,298,0.596,20,petrol,2,8.5,1,1,bulk,0,59.17
258461,12,5,800,3,487,700,0.875,71,electric,1,18.6,1,1,hazardous,2,49.94
240808,9,6,500,2,469,454,0.908,11,petrol,3,15.5,1,0,standard,2,51.32
166657,7,6,800,3,428,693,0.866,72,diesel,3,21.5,1,1,bulk,1,65.13
264523,11,6,300,3,96,138,0.46,3,electric,2,19.7,1,0,standard,1,36.61
164459,6,6,300,1,100,163,0.543,28,petrol,2,10.9,1,1,standard,0,65.37
151340,6,7,800,2,108,461,0.576,44,petrol,3,11.6,1,1,fragile,0,67.47
195342,7,6,1000,1,103,896,0.896,80,petrol,3,11.1,1,1,bulk,2,65.09
51873,1,10,800,2,300,682,0.852,29,diesel,5,18.4,1,1,standard,0,90.15
42643,1,8,800,3,421,708,0.885,1,petrol,4,19.2,0,0,standard,1,78.71
30118,1,10,800,3,151,647,0.809,56,diesel,5,19.1,1,1,hazardous,0,83.51
259276,9,4,500,1,65,239,0.478,95,diesel,2,8.4,1,1,refrigerated,2,42.09
79155,4,6,500,1,60,308,0.616,134,diesel,3,9.3,1,1,bulk,3,67.27
140946,7,8,300,1,256,234,0.78,124,petrol,2,9.6,1,1,fragile,0,80.02
81581,1,7,800,2,198,754,0.942,23,diesel,4,14.9,0,1,fragile,0,63.92
191659,7,7,1000,3,274,518,0.518,26,petrol,3,17.7,1,1,standard,0,58.45
275003,10,5,800,1,81,779,0.974,44,electric,2,7.1,1,1,standard,0,61.14
252588,11,7,1500,1,248,795,0.53,21,diesel,2,8.4,0,1,refrigerated,1,54.62
185693,5,8,800,1,373,521,0.651,11,diesel,2,11.9,1,1,bulk,0,66.34
202585,10,6,500,1,482,357,0.714,40,petrol,3,10.8,0,1,standard,1,68.97
191655,6,7,300,3,319,163,0.543,66,petrol,3,18.7,1,1,standard,1,57.09
65867,0,10,1000,2,141,928,0.928,13,diesel,4,12.5,1,1,fragile,0,85.62
152371,5,7,1500,3,235,1053,0.702,7,petrol,3,17.9,0,1,hazardous,0,65.63
70888,3,8,800,1,479,358,0.448,148,diesel,4,6.8,0,1,fragile,1,63.21
40994,1,10,500,2,241,400,0.8,16,diesel,4,11,1,1,standard,1,89.42
120880,3,9,800,1,93,503,0.629,27,diesel,3,8.1,1,1,fragile,1,76.11
103012,4,6,800,2,239,457,0.571,7,petrol,4,14.2,0,0,bulk,1,61.57
254621,9,6,500,3,495,291,0.582,8,diesel,3,17.3,1,0,standard,0,45.09
3141,0,10,500,1,257,263,0.526,22,electric,5,7.3,0,0,bulk,0,85.18
255971,11,3,500,2,209,273,0.546,144,petrol,1,13.4,1,1,bulk,1,47.76
90118,2,10,500,2,357,284,0.568,1,diesel,4,13,1,1,fragile,1,80.42
272428,10,8,300,1,264,198,0.66,1,petrol,1,11.4,1,1,bulk,0,58.08
26323,1,6,500,3,88,227,0.454,24,electric,4,19.8,0,1,refrigerated,2,51.52
85641,2,7,800,2,129,345,0.431,8,diesel,3,11.3,1,1,bulk,1,60.83
97451,0,10,800,3,404,347,0.434,173,diesel,3,16,1,1,standard,0,59.9
65831,2,5,1500,2,324,688,0.459,22,diesel,4,13,1,0,refrigerated,1,53.09
244330,10,6,800,3,316,726,0.908,64,petrol,2,15.4,1,1,bulk,2,51.1
23027,0,7,300,2,463,160,0.533,8,diesel,5,13.8,1,1,refrigerated,1,73.17
24425,0,7,500,2,131,380,0.76,80,diesel,5,11.4,1,1,bulk,1,82.87
175149,7,7,1000,2,145,692,0.692,7,diesel,3,15.2,0,1,standard,0,59.14
4331,0,10,800,2,107,646,0.808,67,diesel,5,12.3,1,1,bulk,0,90.45
246350,8,3,800,3,115,734,0.918,45,diesel,2,16.3,1,1,hazardous,1,40.3
93316,3,10,500,2,191,249,0.498,53,petrol,4,14,1,1,refrigerated,0,64.79
186450,8,6,1000,1,109,422,0.422,120,diesel,2,7.6,0,1,bulk,2,47.61
43958,2,8,500,2,219,334,0.668,1,diesel,4,11.5,0,1,bulk,1,70.41
193318,6,6,500,2,141,204,0.408,105,diesel,2,12.9,1,1,refrigerated,1,46.31
193821,8,9,1500,1,147,1202,0.801,107,diesel,3,10.6,0,0,refrigerated,0,75.74
113541,5,7,800,2,481,384,0.48,33,diesel,4,12.4,1,1,fragile,1,52.81
203754,10,9,800,2,452,391,0.489,9,diesel,2,13.9,1,1,bulk,0,59.26
198999,7,6,1000,2,261,554,0.554,21,diesel,3,9.6,1,1,hazardous,0,56.86
195548,6,6,500,2,428,362,0.724,122,electric,3,12,0,1,refrigerated,1,64.95
228769,9,8,500,2,472,352,0.704,25,diesel,2,11.9,1,1,standard,1,68.43
203735,9,6,1000,2,420,944,0.944,14,diesel,3,13.2,0,1,standard,1,55.3
247478,10,3,500,3,458,231,0.462,36,diesel,2,15.8,0,0,bulk,3,22.14
272808,10,6,500,1,212,358,0.716,23,petrol,2,9.2,1,1,hazardous,0,70.55
18256,0,9,500,2,141,366,0.732,76,diesel,5,11.6,0,0,bulk,1,92.87
32961,0,8,300,2,98,196,0.653,39,diesel,5,9.8,1,0,standard,0,80.46
36621,1,10,500,2,146,234,0.468,286,petrol,4,13.5,0,1,bulk,0,68.13
106646,4,8,1000,2,107,553,0.553,59,diesel,5,10.3,1,1,refrigerated,0,69.63
164393,5,7,1000,2,110,422,0.422,30,petrol,3,9.6,0,1,bulk,0,53.1
79971,3,10,500,1,433,215,0.43,129,diesel,4,9.9,1,1,hazardous,1,64.63
38195,1,10,1500,2,186,1236,0.824,134,petrol,3,9.4,1,1,standard,0,89.79
44140,4,10,500,2,243,410,0.82,108,diesel,5,14.6,0,1,bulk,1,87.22
45091,0,8,300,2,425,136,0.453,32,electric,4,14.9,0,1,refrigerated,0,67.75
42390,2,10,500,2,47,425,0.85,1,petrol,5,11.5,1,0,standard,2,83.92
74137,2,10,500,3,473,485,0.97,65,petrol,4,19.3,1,1,hazardous,0,76.16
79322,2,8,1000,2,147,400,0.4,5,diesel,4,11.9,1,0,fragile,0,65.08
118492,3,8,500,1,342,252,0.504,25,diesel,3,9.3,0,1,standard,1,69.62
47813,2,7,500,2,195,305,0.61,20,petrol,5,12,0,1,bulk,0,81.02
183386,6,7,800,2,430,610,0.762,20,diesel,3,11.3,0,1,bulk,0,69.93
91153,4,9,800,2,94,355,0.444,24,diesel,4,13.3,0,1,standard,0,66.6
210078,7,9,500,1,483,310,0.62,19,diesel,2,10.1,0,1,bulk,0,70.83
13958,0,10,800,1,332,463,0.579,179,diesel,4,11.2,1,1,refrigerated,0,85.64
178056,7,5,800,2,68,528,0.66,99,diesel,3,12.4,0,1,standard,0,53.3
83723,2,8,1000,1,129,873,0.873,2,petrol,5,7.5,0,0,fragile,0,83.05
73923,4,8,1000,2,107,652,0.652,38,petrol,4,11.9,1,1,fragile,0,72.14
249094,8,7,500,3,359,258,0.516,40,petrol,2,15.6,1,1,bulk,0,46.68
43289,0,10,1000,1,346,416,0.416,28,diesel,4,10,0,1,standard,1,66.53
113695,5,8,1000,3,53,709,0.709,76,diesel,3,20.1,0,0,fragile,1,68.8
64155,1,9,800,2,261,548,0.685,42,petrol,4,13.8,0,0,standard,0,71.65
138292,4,6,800,1,195,378,0.472,105,diesel,3,10.1,1,1,bulk,1,58.93
39980,0,7,1500,2,33,993,0.662,179,petrol,4,12.1,0,1,fragile,0,64.69
141093,5,6,800,2,317,430,0.538,41,diesel,4,12.2,1,1,standard,0,62.09
8193,2,10,300,1,342,214,0.713,82,diesel,5,9.4,1,1,refrigerated,0,96.22
176975,4,5,800,2,82,732,0.915,200,petrol,2,10.3,0,1,standard,2,50.87
201094,8,4,1000,1,188,410,0.41,34,diesel,3,7.1,1,0,bulk,0,50.32
107535,3,7,500,2,362,296,0.592,28,diesel,4,12.5,1,0,bulk,0,64.5
223227,10,6,800,2,178,782,0.978,143,diesel,1,13.5,0,1,standard,0,54.56
217844,9,6,1000,2,37,679,0.679,46,diesel,2,13.8,1,1,standard,0,56.32
22898,0,10,800,2,298,758,0.948,55,petrol,5,14.1,1,1,refrigerated,0,88.27
63514,0,10,300,1,156,272,0.907,45,petrol,5,8.9,0,1,standard,0,83.27
118449,5,9,1000,1,444,625,0.625,84,petrol,3,8.4,1,1,hazardous,0,76.11
276033,11,6,1000,1,125,749,0.749,1,diesel,2,8.6,1,1,bulk,0,70.24
233698,8,6,500,3,257,452,0.904,26,diesel,2,15.5,0,1,bulk,4,49
29534,1,10,300,1,385,122,0.407,22,petrol,4,7.5,1,0,hazardous,0,79.83
75949,2,6,500,2,323,425,0.85,9,petrol,4,11.8,1,1,fragile,2,76.1
59291,2,10,500,1,206,388,0.776,73,diesel,4,8.1,1,1,hazardous,0,88.95
44216,0,9,300,2,165,121,0.403,34,diesel,4,15.2,1,1,standard,1,62.55
147325,6,6,300,2,409,131,0.437,26,petrol,2,14.1,0,1,bulk,0,57.34
249870,8,4,1500,2,180,743,0.495,79,diesel,2,13.5,0,0,refrigerated,0,37.5
135828,3,7,800,2,324,607,0.759,1,petrol,3,13.7,1,0,standard,0,74.45
93813,3,10,1000,1,33,415,0.415,42,diesel,4,9.2,1,1,hazardous,1,74.76
153035,5,4,500,3,453,324,0.648,79,diesel,3,18.1,1,0,standard,1,47.7